단지코드,공원_거리 (m),기관명_거리 (m),역명_거리 (m),정류장명_거리 (m),주차장_거리 (m),초등학교 거리,중학교 거리,5000m 이하 병원 수
A10022504,0.7121930202498923,0.08016877637130801,0.1655860349127182,0.023374726077428784,0.3166447079490558,0.13104325699745548,0.8016344725111441,0.48521579430670336
A10022652,0.42137009909521755,0.7130801687763714,0.24862842892768078,0.1300219138056976,0.48748353096179187,0.6348600508905853,0.9569093610698365,0.2850321395775941
A10022801,0.4635932787591555,0.03375527426160337,0.022693266832917704,0.02702702702702703,0.18445322793148883,0.8396946564885497,0.32838038632986627,0.4800734618916437
A10022803,0.043515725980180955,0.09563994374120956,0.0483790523690773,0.048940832724616516,0.22793148880105404,0.6106870229007634,0.3551263001485884,0.13682277318640954
A10022919,0.3179663937957777,0.2222222222222222,0.06633416458852869,0.06281957633308985,0.48924022837066317,0.25954198473282447,0.3112927191679049,0.16951331496786043
A10023020,0.3713916415338216,0.07454289732770746,0.06109725685785535,0.08473338203067934,0.08256477821695213,0.594147582697201,0.2890044576523031,0.9974288337924702
A10023070,0.22145626884963376,0.07313642756680731,0.21346633416458852,0.07304601899196494,0.19235836627140976,0.3587786259541985,0.48959881129271915,0.7283746556473829
A10023118,0.33950883239982765,0.21940928270042195,0.07481296758104738,0.13367421475529584,0.279754062362758,0.4910941475826972,0.049777117384843986,0.4865013774104683
A10023368,0.36062042223179663,0.03234880450070323,0.3738154613466334,0.08254200146092039,0.025911286780852,0.3206106870229008,0.1953937592867756,0.5191919191919192
A10023372,0.46186988367083154,0.08579465541490858,0.06807980049875312,0.04163623082542001,0.7022397891963109,0.22519083969465653,0.43536404160475484,0.361248852157943
A10023395,0.45282205945713055,0.36146272855133615,0.13640897755610973,0.06574141709276846,0.3153271848924023,0.6666666666666667,0.6552748885586923,0.49090909090909096
A10023467,0.2447221025420077,0.09282700421940929,0.06658354114713218,0.0,0.48616600790513836,0.09160305343511452,0.7890044576523031,0.15573921028466484
A10023489,0.44032744506678156,0.24050632911392406,0.07231920199501247,0.197954711468225,0.05709266578831797,0.3384223918575064,0.46210995542347694,0.5449035812672176
A10023547,0.3998276604911676,0.49507735583684953,0.1658354114713217,0.05332359386413441,0.2718489240228371,0.13867684478371503,0.13372956909361067,0.6820936639118458
A10023598,0.2688496337785437,0.0309423347398031,0.3907730673316708,0.15120525931336742,0.25516029863855955,0.16666666666666669,0.1887072808320951,0.35775941230486685
A10023604,0.25420077552778975,0.42053445850914206,0.3206982543640898,0.21329437545653762,0.17347386912604307,0.18575063613231552,0.1359583952451709,0.3724517906336088
A10023670,0.24903059026281776,0.10126582278481013,0.0,0.10226442658875093,0.062362758014931935,0.8155216284987278,0.48811292719167904,0.4236914600550964
A10023732,0.16458423093494184,0.07313642756680731,0.5047381546134663,0.9999999999999999,0.07246376811594203,0.46564885496183206,0.09658246656760773,0.19412304866850322
A10023734,0.34037052994398964,0.05344585091420534,0.05361596009975062,0.04163623082542001,0.22924901185770752,0.08778625954198474,0.0549777117384844,0.16363636363636364
A10023788,0.14691943127962087,0.01828410689170183,0.06832917705735661,0.19576333089846604,0.056214317083882304,0.45292620865139954,0.4413075780089153,0.4611570247933885
A10023798,0.34855665661352864,0.090014064697609,0.11371571072319202,0.05405405405405405,0.07641633728590251,0.12213740458015268,0.075037147102526,0.47291092745638197
A10023815,0.6053425247738045,0.28270042194092826,0.05760598503740648,0.18699780861943024,0.46596398770311814,0.10814249363867684,0.48811292719167904,0.3529843893480257
A10023816,0.15381301163291683,0.26863572433192684,0.11321695760598503,0.06647187728268811,0.5691699604743082,0.06361323155216286,0.12109955423476969,0.15041322314049585
A10023855,0.5747522619560534,0.7819971870604782,0.18204488778054861,0.04601899196493791,0.7505489679402723,0.6717557251908397,0.4294205052005943,0.08282828282828283
A10023914,0.26195605342524775,0.001406469760900141,0.07231920199501247,0.04309715120525932,0.290294246815986,0.8053435114503817,0.25928677563150077,0.3278236914600551
A10023934,0.22404136148211978,0.06329113924050633,0.25012468827930173,0.1168736303871439,0.40491875274483974,0.1806615776081425,0.10921248142644872,0.25693296602387505
A10023955,0.32313657906074966,0.07454289732770746,0.02418952618453865,0.04382761139517896,0.24154589371980678,0.8078880407124682,0.6047548291233283,0.3213957759412305
A10023966,0.025420077552778975,0.08579465541490858,0.09625935162094763,0.03798392987582177,0.5871761089152393,0.22264631043257,0.6864784546805348,0.5520661157024793
A10023979,0.2649719948298147,0.06751054852320675,0.09975062344139651,0.08546384222059897,0.132191480017567,0.9414758269720102,0.3350668647845468,0.3735537190082644
A10023990,0.31968978888410166,0.0379746835443038,0.052119700748129674,0.011687363038714392,0.07949055775142731,0.0267175572519084,0.5482912332838038,0.38989898989898986
A10024018,0.07281344248168893,0.32630098452883266,0.1770573566084788,0.239590942293645,0.6187966622749231,0.47073791348600513,0.25928677563150077,0.13553719008264462
A10024026,0.2688496337785437,0.039381153305203934,0.026932668329177054,0.034331628926223524,0.5177865612648221,0.13994910941475827,0.8848439821693908,0.15408631772268136
A10024145,0.48470486859112455,0.10970464135021096,0.0798004987531172,0.10226442658875093,0.1901624945103206,0.6768447837150128,0.2161961367013373,0.2775022956841139
A10024156,0.9366652305040931,0.15471167369901548,0.02244389027431421,0.10153396639883128,0.6477821695213,0.8282442748091604,0.41679049034175336,0.9324150596877869
A10024237,0.6660922016372254,0.05344585091420534,0.6418952618453865,0.10445580715850986,0.4501537110232763,0.44783715012722647,0.5787518573551262,0.26813590449954083
A10024244,0.2959931064196467,0.44866385372714485,0.38079800498753114,0.23593864134404677,0.103645147123408,0.06870229007633588,0.0237741456166419,0.45252525252525255
A10024302,0.6570443774235244,0.38115330520393814,0.46907730673316705,0.22352081811541272,0.09969257795344752,0.35114503816793896,0.3952451708766716,0.23122130394857668
A10024333,0.6734166307626024,0.1279887482419128,0.05236907730673316,0.14097881665449233,0.02942468159859464,0.6297709923664122,0.8528974739970282,0.5309458218549128
A10024410,0.44161999138302455,0.4219409282700422,0.08902743142144638,0.06720233747260773,0.52832674571805,0.48346055979643765,0.31426448736998513,0.07125803489439853
A10024420,0.16760017233950886,0.170182841068917,0.09152119700748129,0.07304601899196494,0.28151075977162937,0.1564885496183206,0.2362555720653789,0.1652892561983471
A10024421,0.5092632485997415,0.1617440225035162,0.36608478802992517,0.05989773557341125,0.22661396574440054,0.49236641221374045,0.25780089153046065,0.051239669421487596
A10024422,0.44291253769926753,0.3825597749648383,0.3478802992518703,0.05697589481373266,0.17786561264822137,0.5636132315521629,0.3328380386329866,0.05950413223140495
A10024425,0.03705299439896596,0.33473980309423346,0.07780548628428928,0.1373265157048941,0.23407992973210368,0.30407124681933845,0.35438335809806837,0.4727272727272728
A10024436,0.18095648427401984,0.021097046413502112,0.2309226932668329,0.050401753104455806,0.09442248572683355,0.3994910941475827,0.47771173848439824,0.3100091827364555
A10024464,0.42093925032313656,0.27285513361462727,0.036658354114713215,0.24908692476260044,0.09090909090909091,0.6374045801526718,0.12481426448736997,0.7043158861340679
A10024492,0.3459715639810426,0.6483825597749648,0.25785536159600997,0.18115412710007306,0.6490996925779534,0.5865139949109415,0.37815750371471024,0.18089990817263543
A10024501,0.5269280482550626,0.05485232067510548,0.034912718204488775,0.08838568298027757,0.3372859025032938,0.7391857506361323,0.49999999999999994,1.0
A10024524,0.33261525204653164,0.24472573839662448,0.09800498753117207,0.07450693937180425,0.47255160298638565,0.18447837150127228,0.4413075780089153,0.5682277318640955
A10024577,0.6130978026712625,1.0000000000000002,0.22169576059850374,0.02483564645726808,0.26833552920509446,0.09033078880407125,0.05646359583952451,0.13810835629017446
A10024603,0.13313227057302884,0.4866385372714487,0.20922693266832917,0.2885317750182615,0.7988581466842336,0.5992366412213741,0.32095096582466565,0.5002754820936639
A10024745,0.4028436018957346,0.0450070323488045,0.4244389027431421,0.048210372534696865,0.38208168642951257,0.6106870229007634,0.3952451708766716,0.3309458218549127
A10024768,0.2610943558810857,0.01828410689170183,0.031172069825436403,0.2008765522279036,0.14448836187966624,0.28498727735368956,0.3098068350668648,0.3864095500459137
A10024886,0.6281775096940974,0.14064697609001406,0.012219451371571072,0.058436815193571946,0.22222222222222224,0.5852417302798982,0.5482912332838038,0.528374655647383
A10024891,0.22145626884963376,0.026722925457102673,0.04663341645885286,0.056245434623813005,0.12165129556433905,0.6552162849872774,0.23179791976225855,0.44554637281910014
A10024925,0.7582938388625593,0.03375527426160337,0.11321695760598503,0.014609203798392988,0.24374176548089593,0.2926208651399491,0.37147102526002973,0.530394857667585
A10025018,0.43300301594140456,0.4781997187060478,0.21122194513715709,0.24762600438276114,0.33201581027667987,0.8409669211195929,0.07949479940564634,0.2668503213957759
A10025137,0.24989228780697975,0.13642756680731363,0.04463840399002494,0.017531044558071585,0.05884936319718928,0.3791348600508906,0.5542347696879643,0.20532598714416897
A10025204,0.42697113313227053,0.0759493670886076,0.07256857855361597,0.1139517896274653,0.1857707509881423,0.5954198473282443,0.33060921248142644,0.3415977961432507
A10025375,0.986212839293408,0.03234880450070323,0.027930174563591023,0.011687363038714392,0.6411945542380325,0.1959287531806616,0.564635958395245,0.9419651056014692
A10025386,0.19345109866436883,0.27566807313642755,0.3845386533665835,0.056245434623813005,0.6684233640755379,0.15267175572519084,0.3707280832095097,0.013223140495867772
A10025397,0.5152951314088755,0.20956399437412096,0.19002493765586034,0.025566106647187732,0.746157224418094,0.08142493638676845,0.87667161961367,0.138475665748393
A10025428,0.5945713054717794,0.36849507735583686,0.13092269326683292,0.04382761139517896,0.5520421607378129,0.43765903307888043,0.29049034175334326,0.42020202020202013
A10025456,0.32873761309780264,0.04922644163150492,0.07780548628428928,0.008765522279035792,0.23539745278875715,0.13486005089058525,0.6857355126300148,0.6982552800734619
A10025527,0.13140887548470487,0.28973277074542897,0.34339152119700744,0.15266617969320673,0.5933245498462889,0.2926208651399491,0.41456166419019314,0.029752066115702483
A10025564,0.0904782421370099,0.2039381153305204,0.3246882793017456,0.09349890430971514,0.5472112428634167,0.4160305343511451,0.37295690936106984,0.033425160697887965
A10025649,0.4877208099956915,0.12939521800281295,0.46034912718204485,0.09349890430971514,0.3192797540623628,0.11959287531806617,0.28603268945022287,0.2383838383838384
A10025677,0.10771219302024988,0.549929676511955,0.17531172069825435,0.02483564645726808,0.24505928853754944,0.3295165394402036,0.3922734026745914,0.09237832874196511
A10025858,0.3545885394226626,0.8270042194092827,0.4618453865336658,0.06939371804236669,0.815985946420729,0.5458015267175573,0.5527488855869241,0.0
A10026039,0.6074967686342094,0.7791842475386779,0.2855361596009975,0.06135865595325055,0.556873078612209,0.5381679389312978,0.5468053491827637,0.09550045913682276
A10026147,0.22317966393795774,0.24472573839662448,0.04887780548628429,0.1329437545653762,0.025472112428634168,0.6081424936386769,0.36478454680534916,0.5186409550045914
A10026434,0.2744506678155967,0.17721518987341772,0.29750623441396506,0.10007304601899197,0.2674571805006588,0.49236641221374045,0.46731054977711733,0.24517906336088155
A10026682,0.4717794054286945,0.8185654008438819,0.17780548628428927,0.12344777209642074,0.393939393939394,0.42875318066157764,0.33358098068350667,0.147842056932966
A10026729,0.22619560534252475,0.25316455696202533,0.06508728179551122,0.17165814463111762,0.08388230127360562,0.227735368956743,0.2273402674591382,0.17447199265381083
A10026761,0.5842309349418354,0.12939521800281295,0.030423940149625933,0.05186267348429511,0.055775142731664465,0.11068702290076338,0.5193164933135215,0.47052341597796143
A10026946,0.11417492460146487,0.23066104078762306,0.15361596009975062,0.2081811541271001,0.16600790513833993,0.4185750636132316,0.17310549777117384,0.4613406795224977
A10027157,0.31538130116329166,0.1729957805907173,0.26334164588528675,0.05186267348429511,0.15854194115063683,0.32697201017811706,0.043833580980683504,0.37557392102846643
A10027638,0.4075829383886256,0.4078762306610408,0.14588528678304238,0.034331628926223524,0.32454984628897676,0.01017811704834605,0.12035661218424963,0.06538108356290175
A10027764,0.43386471348556654,0.38959212376933894,0.12892768079800498,0.07158509861212564,0.26130873956960915,0.0012722646310432545,0.003714710252600298,0.10045913682277319
A10027775,0.1951744937526928,0.23066104078762306,0.14937655860349128,0.02410518626734843,0.22222222222222224,0.44783715012722647,0.7578008915304606,0.1781450872359963
A10027951,0.19732873761309777,0.1420534458509142,0.05087281795511221,0.08546384222059897,0.3566095740008784,0.24045801526717558,0.15973254086181277,0.4699724517906336
A10027969,0.40456699698405857,0.15752461322081576,0.07531172069825437,0.062089116143170205,0.050944224857268336,0.10050890585241731,0.75111441307578,0.6800734618916437
A10028056,0.13700990952175784,0.18143459915611815,0.13665835411471322,0.09861212563915267,0.37505489679402726,0.37531806615776087,0.6277860326894501,0.138475665748393
A10028063,0.6884963377854374,0.16736990154711673,0.09276807980049875,0.1358655953250548,0.3509003074220466,0.455470737913486,0.1671619613670134,0.5338842975206611
A10044001,0.25118483412322273,0.10126582278481013,0.11296758104738154,0.27027027027027023,0.05753184014053579,0.6933842239185751,0.550520059435364,0.5456382001836547
A10045301,0.4067212408444636,0.07735583684950774,0.02817955112219451,0.5091307523739956,0.17435221783047872,0.21628498727735368,0.5081723625557206,0.843526170798898
A10045401,0.0969409737182249,0.4908579465541491,0.10399002493765586,0.587289992695398,0.17303469477382522,0.20610687022900764,0.10401188707280833,0.7390266299357209
A10045402,0.23481258078414474,0.20253164556962025,0.08603491271820449,0.8108108108108109,0.13350900307422048,0.1959287531806616,0.13967310549777118,0.7581267217630854
A10078103,0.14476518741921585,0.10829817158931083,0.10399002493765586,0.38860482103725347,0.2129995608256478,0.37404580152671757,0.3164933135215453,0.7204775022956841
A10078902,0.14648858250753988,0.45288326300984527,0.13591022443890274,0.30314097881665447,0.19806763285024157,0.24427480916030536,0.5081723625557206,0.7224977043158861
A10085902,0.01852649719948299,0.24331926863572434,0.06159600997506234,0.16654492330168008,0.11769872639437857,0.07251908396946566,0.27414561664190196,0.46372819100091833
A11008001,0.056010340370529946,0.10407876230661041,0.02992518703241895,0.08400292184075969,0.3583662714097497,0.17938931297709926,0.2325408618127786,0.4732782369146006
A12009001,0.47694959069366655,0.5372714486638538,0.24663341645885284,0.7268078889700511,0.3280632411067194,0.3816793893129771,0.1478454680534918,0.361248852157943
A12012201,0.47565704437742345,0.3206751054852321,0.1975062344139651,0.2695398100803506,0.3715415019762846,0.09541984732824427,0.1426448736998514,0.32488521579430674
A12072802,0.23308918569582077,0.11954992967651196,0.34389027431421443,0.09715120525931337,0.1264822134387352,0.17811704834605602,0.3662704309063893,0.37098255280073456
A12076601,0.5019388194743646,0.08016877637130801,0.20024937655860348,0.029218407596785977,0.46684233640755385,0.3944020356234097,0.14561664190193163,0.33939393939393936
A12078201,0.1874192158552348,0.23347398030942335,0.04139650872817955,0.11249086924762602,0.4734299516908213,0.5674300254452926,0.6849925705794947,0.47823691460055096
A12078707,0.23395088323998275,0.10970464135021096,0.10498753117206983,0.1906501095690285,0.3447518664909969,0.678117048346056,0.46210995542347694,0.44664830119375576
A12079601,0.04006893580353296,0.4317862165963432,0.08154613466334165,0.22936449963476993,0.5019762845849802,0.5229007633587787,0.3677563150074294,0.4800734618916437
A12127007,0.11805256355019388,0.1589310829817159,0.12119700748129675,0.08108108108108109,0.2718489240228371,0.08905852417302801,0.43684992570579495,0.29531680440771346
A12127008,0.08272296423955193,0.3924050632911392,0.34139650872817956,0.3060628195763331,0.4014053579270971,0.22137404580152675,0.27414561664190196,0.24407713498622588
A12170602,0.21844032744506675,0.17862165963431786,0.09201995012468828,0.26004382761139516,0.17215634606938957,0.19720101781170485,0.24517087667161963,0.47695133149678604
A12177802,0.03274450667815597,0.4177215189873418,0.10498753117206983,0.23886048210372537,0.2845849802371542,0.14631043256997456,0.4658246656760772,0.4620752984389348
A12179002,0.14950452391210683,0.3333333333333333,0.09875311720698254,0.02191380569758948,0.12736056214317085,0.4223918575063613,0.5319465081723624,0.46446280991735533
A12179003,0.02111158983196898,0.47960618846694797,0.16932668329177056,0.34258582907231555,0.037768994290733424,0.35114503816793896,0.39301634472511143,0.47291092745638197
A12180404,0.3145196036191297,0.22784810126582278,0.10822942643391521,0.15412710007304603,0.23364075537988585,0.45038167938931306,0.0713224368499257,0.4751147842056933
A12181102,0.5605342524773804,0.1490857946554149,0.07880299251870325,0.17384952520087657,0.14448836187966624,0.3854961832061069,0.27563150074294207,0.48999081726354454
A12181403,0.44205084015510554,0.1490857946554149,0.1144638403990025,0.3075237399561724,0.19894598155467721,0.0737913486005089,0.33060921248142644,0.4863177226813591
A12185003,0.41835415769065054,0.11251758087201125,0.041645885286783035,0.039444850255661065,0.3667105841018885,0.39567430025445294,0.3922734026745914,0.3807162534435261
A12201004,0.12882378285221885,0.13924050632911392,0.23241895261845386,0.43900657414170924,0.634606938954765,0.08524173027989823,0.3722139673105498,0.3094582185491276
A12204005,0.1042654028436019,0.12939521800281295,0.1394014962593516,0.12198685171658147,0.3254281949934124,0.5139949109414759,0.5445765230312035,0.13774104683195593
A12287203,0.3813011632916846,0.27848101265822783,0.19251870324189527,0.5288531775018261,0.4216073781291173,0.5279898218829517,0.25482912332838037,0.2604224058769513
A13070302,0.1107281344248169,0.17862165963431786,0.06259351620947631,0.13659605551497445,0.21475625823451913,0.7506361323155217,0.44947994056463597,0.5741046831955923
A13071201,0.5463162429987075,0.13783403656821377,0.14139650872817955,0.10007304601899197,0.013175230566534914,0.43511450381679395,0.22065378900445765,0.569880624426079
A13071301,0.07410598879793194,0.06751054852320675,0.14239401496259352,0.2658875091307524,0.25252525252525254,0.3893129770992367,0.11144130757800892,0.5601469237832875
A13075403,0.0025850926324859982,0.15049226441631505,0.29226932668329175,0.18553688823959094,0.35309617918313574,0.46183206106870234,0.5297176820208023,0.5397612488521579
A13075404,0.27875915553640673,0.14486638537271448,0.18503740648379052,0.15266617969320673,0.22749231444883622,0.47073791348600513,0.5728083209509658,0.5245179063360882
A13075405,0.2727272727272727,0.20675105485232068,0.15037406483790522,0.12271731190650109,0.27404479578392626,0.33587786259541985,0.6188707280832094,0.5368227731864096
A13077201,0.5906936665230504,0.0661040787623066,0.07182044887780549,0.20379839298758218,0.25823451910408435,0.27735368956743006,0.20802377414561662,0.5460055096418733
A13079401,0.41619991383024557,0.06047819971870605,0.20997506234413965,0.7772096420745069,0.47123407992973215,0.3676844783715013,0.3164933135215453,0.45179063360881544
A13079402,0.6945282205945713,0.34739803094233473,0.1802992518703242,0.5149744338933528,0.4694773825208608,0.5750636132315522,0.5037147102526003,0.38898071625344355
A13079403,0.5846617837139164,0.18565400843881857,0.24488778054862842,0.6683710737764792,0.3816425120772947,0.24936386768447838,0.4814264487369985,0.4058769513314968
A13084802,0.056010340370529946,0.18846694796061886,0.36309226932668326,0.3133674214755296,0.29819938515590694,0.23409669211195933,0.3974739970282318,0.5193755739210285
A13086703,0.6221456268849634,0.22362869198312235,0.20224438902743141,0.031409788166544925,0.1427316644707949,0.11704834605597966,0.15824665676077265,0.5748393021120294
A13176902,0.05644118914261094,0.34739803094233473,0.1598503740648379,0.21913805697589483,0.23407992973210368,0.24936386768447838,0.6084695393759286,0.19761248852157945
A13177701,0.4067212408444636,0.11533052039381153,0.08503740648379052,0.06428049671292915,0.5107597716293368,0.08651399491094147,0.5616641901931648,0.30119375573921026
A13186306,0.2024989228780698,0.3150492264416315,0.26758104738154614,0.24616508400292184,0.4176548089591568,0.1870229007633588,0.031203566121842496,0.22479338842975208
A13187306,0.05299439896596295,0.2616033755274262,0.22743142144638404,0.18845872899926955,0.3566095740008784,0.40839694656488557,0.39821693907875183,0.20165289256198346
A13201002,0.2942697113313227,0.21940928270042195,0.16408977556109725,0.032140248356464576,0.40491875274483974,0.4821882951653944,0.22585438335809804,0.1337006427915519
A13275302,0.7255493321844033,0.13361462728551335,0.26284289276807976,0.06574141709276846,0.5590689503732982,0.37786259541984735,0.05943536404160475,0.18824609733700642
A13305005,0.36794485135717364,0.21237693389592124,0.0713216957605985,0.40029218407596784,0.13175230566534915,0.4910941475826972,0.09063893016344725,0.7043158861340679
A13309103,0.15295131408875484,0.15752461322081576,0.10972568578553615,0.7940102264426588,0.28194993412384717,0.4223918575063613,0.4361069836552749,0.8
A13373101,0.49030590262817747,0.3080168776371308,0.14763092269326683,0.34112490869247625,0.05533596837944664,0.43256997455470736,0.24888558692421991,0.7932047750229568
A13373302,0.3834554071520896,0.16033755274261605,0.14688279301745635,0.1139517896274653,0.07729468599033816,0.29898218829516543,0.6738484398216938,0.6060606060606061
A13375904,0.19646704006893578,0.1518987341772152,0.045137157107231915,0.7246165084002921,0.0922266139657444,0.23409669211195933,0.20728083209509657,0.9878787878787878
A13375905,0.23610512710038772,0.09985935302390998,0.0770573566084788,0.6435354273192111,0.13043478260869568,0.13994910941475827,0.026002971768202085,0.9057851239669421
A13375908,0.16846186988367085,0.06469760900140648,0.05261845386533665,0.8210372534696859,0.22397891963109356,0.2697201017811705,0.35809806835066865,0.8874196510560147
A13377301,0.07065919862128393,0.639943741209564,0.14413965087281796,0.4360847333820307,0.1699604743083004,0.1946564885496183,0.4390787518573551,0.7590449954086318
A13377302,0.21800947867298576,0.45569620253164556,0.09401496259351622,0.2337472607742878,0.11023276240667546,0.23536895674300257,0.48959881129271915,0.7111111111111111
A13377902,0.15165876777251186,0.19831223628691982,0.04987531172069825,0.5288531775018261,0.10101010101010101,0.16030534351145037,0.2674591381872214,0.7823691460055097
A13377903,0.14605773373545883,0.1729957805907173,0.08254364089775561,0.7173119065010957,0.23188405797101452,0.3587786259541985,0.362555720653789,0.7957759412304867
A13378101,0.1042654028436019,0.1420534458509142,0.14438902743142143,0.5741417092768444,0.2845849802371542,0.08524173027989823,0.689450222882615,0.8587695133149679
A13378103,0.15682895303748384,0.0829817158931083,0.17506234413965086,0.5230094959824689,0.35353535353535354,0.2646310432569975,0.6745913818722139,0.8534435261707989
A13380303,0.15165876777251186,0.1209563994374121,0.08778054862842893,0.8349159970781592,0.37637241985068076,0.3027989821882952,0.49331352154531943,0.8102846648301194
A13388001,0.2964239551917277,0.21940928270042195,0.1401496259351621,0.056245434623813005,0.05401844532279315,0.33715012722646315,0.6716196136701337,0.6286501377410468
A13402304,0.27875915553640673,0.1279887482419128,0.0800498753117207,0.15558802045288533,0.18225735617039968,0.8638676844783716,0.2563150074294205,0.36437098255280076
A13472201,0.3955191727703576,0.04781997187060478,0.0688279301745636,0.19430241051862673,0.261747913921827,0.47964376590330793,0.037147102526002965,0.3180899908172635
A13519004,0.6591986212839294,0.2180028129395218,0.5942643391521196,0.22790357925493063,0.7782169521299956,0.44783715012722647,1.0,0.11919191919191918
A13519008,0.5183110728134425,0.2208157524613221,0.38952618453865334,0.04163623082542001,0.7237593324549846,0.17557251908396948,0.0638930163447251,0.2802571166207529
A13522008,0.25376992675570875,0.1631504922644163,0.08104738154613467,0.15924032140248356,0.10628019323671498,0.14122137404580154,0.13521545319465084,0.40091827364554633
A13552001,0.41619991383024557,0.040787623066104076,0.0658354114713217,0.09349890430971514,0.17347386912604307,0.5470737913486006,0.3031203566121842,0.3438016528925619
A13572601,0.7518311072813443,0.0,0.04538653366583541,0.09422936449963476,0.27580149319279756,0.3295165394402036,0.6248142644873699,0.96455463728191
A13593802,0.1757862990090478,0.39662447257383965,0.2483790523690773,0.2607742878013148,0.1440491875274484,0.27099236641221375,0.46508172362555716,0.4874196510560147
A13593908,0.6548901335631194,0.2390998593530239,0.09152119700748129,0.14243973703433163,0.14888010540184454,0.41730279898218836,0.27414561664190196,0.7783287419651056
A13604301,0.26626454114605774,0.5654008438818565,0.11371571072319202,0.3111760409057706,0.05314009661835749,0.2697201017811705,0.15601783060921248,0.5059687786960514
A13606005,0.03619129685480396,0.14345991561181434,0.16209476309226933,0.3995617238860482,0.4734299516908213,0.07124681933842239,0.09435364041604753,0.47768595041322315
A13606105,0.06635071090047394,0.2320675105485232,0.15286783042394014,0.0650109569028488,0.6056214317083882,0.2519083969465649,0.15081723625557208,0.4865013774104683
A13606106,0.07281344248168893,0.1631504922644163,0.13341645885286782,0.16435354273192113,0.7408871321914801,0.42366412213740456,0.3150074294205052,0.4758494031221304
A13611001,0.7738043946574753,0.3037974683544304,0.2648379052369077,0.2739225712198685,0.4347826086956522,0.07888040712468194,0.055720653789004454,0.3219467401285583
A13611002,0.5609651012494615,0.2812939521800281,0.14214463840399003,0.16508400292184078,0.3715415019762846,0.3676844783715013,0.3365527488855869,0.3972451790633609
A13611009,0.6471348556656614,0.11954992967651196,0.20698254364089774,0.09495982468955441,0.4071146245059289,0.01908396946564886,0.2949479940564636,0.35224977043158856
A13611010,0.5730288668677295,0.08579465541490858,0.1743142144638404,0.20160701241782325,0.48616600790513836,0.1895674300254453,0.40193164933135217,0.36363636363636365
A13611012,0.5928479103834554,0.03234880450070323,0.19052369077306733,0.23155588020452886,0.49846288976723757,0.18320610687022904,0.36849925705794945,0.3550045913682277
A13611102,0.5868160275743215,0.16736990154711673,0.2027431421446384,0.3389335281227173,0.5599472990777339,0.03689567430025445,0.40416047548291234,0.35665748393021124
A13613002,0.35932787591555365,0.6272855133614628,0.11645885286783042,0.42951059167275385,0.585419411506368,0.16412213740458015,0.17310549777117384,0.5406795224977043
A13613003,0.4967686342093925,0.3080168776371308,0.17182044887780548,0.11906501095690286,0.24330259112867808,0.3142493638676845,0.13001485884101038,0.4236914600550964
A13613010,0.41619991383024557,0.11673699015471167,0.09750623441396508,0.4784514243973703,0.5766359244620114,0.47964376590330793,0.45988112927191677,0.4988062442607897
A13614301,0.21887117621714774,0.09985935302390998,0.3760598503740648,0.06866325785244703,0.5511638120333773,0.011450381679389318,0.45319465081723626,0.46372819100091833
A13671210,0.38474795346833257,0.11673699015471167,0.14064837905236907,0.07158509861212564,0.7268335529205094,0.6208651399491094,0.5089153046062407,0.4921946740128559
A13671211,0.41404566996984055,0.11251758087201125,0.057855361596009965,0.3089846603360117,0.7663592446201142,0.2646310432569975,0.38781575037147104,0.5175390266299357
A13671212,0.1378716070659199,0.49226441631504925,0.1822942643391521,0.27319211102994884,0.8331137461572244,0.45928753180661586,0.3974739970282318,0.49366391184573
A13676704,0.42438604049978457,0.17862165963431786,0.4997506234413965,0.48502556610664715,0.5212999560825647,0.49872773536895676,0.42050520059435365,0.25583103764921944
A13678401,0.2615252046531667,0.0829817158931083,0.0688279301745636,0.7173119065010957,0.6161616161616161,0.3994910941475827,0.15304606240713226,0.50633608815427
A13679402,0.30719517449375267,0.11392405063291139,0.08778054862842893,0.10445580715850986,0.7031181379007466,0.6539440203562341,0.4413075780089153,0.40899908172635446
A13706002,0.7014218009478673,0.45147679324894513,0.12693266832917705,0.049671292914536154,0.15722441809398333,0.8027989821882953,0.5802377414561664,0.4233241505968779
A13713001,0.08358466178371392,0.2517580872011252,0.3052369077306733,0.0752373995617239,0.34211682037769,0.0534351145038168,0.6946508172362555,0.6883379247015611
A13713002,0.1912968548039638,0.2348804500703235,0.5374064837905236,0.10226442658875093,0.3298199385155907,1.0,0.6723625557206537,0.45123966942148763
A13778202,0.2735889702714347,0.19127988748241914,0.6286783042394014,0.01680058436815194,0.7531840140535793,0.15521628498727735,0.20430906389301634,0.44517906336088153
A13778212,0.5239121068504955,0.5218002812939522,0.7473815461346632,0.24324324324324323,0.9718928414580589,0.23791348600508905,0.6708766716196136,0.3094582185491276
A13778306,0.21413183972425676,0.11814345991561181,0.4399002493765586,0.08838568298027757,0.6526130873956961,0.20865139949109418,0.3016344725111441,0.5878787878787879
A13811001,0.40068935803532957,0.41068917018284107,0.13566084788029925,0.1460920379839299,0.22310057092665792,0.14503816793893132,0.022288261515601787,0.16841138659320476
A13811204,0.3752692804825506,0.4317862165963432,0.11072319201995012,0.22425127830533237,0.14009661835748793,0.3804071246819339,0.16493313521545316,0.1763085399449036
A13873701,0.2236105127100388,0.12658227848101267,0.055361596009975055,0.2607742878013148,0.3697848045674133,0.3053435114503817,0.11069836552748884,0.39412304866850323
A13920802,0.9319258940112021,0.14345991561181434,0.09800498753117207,0.048210372534696865,0.6895037329819939,0.37404580152671757,0.10549777117384844,0.1913682277318641
A13922105,0.8461869883670832,0.3839662447257384,0.15710723192019949,0.08035062089116143,0.2402283706631533,0.14631043256997456,0.12184249628528974,0.22809917355371898
A13972603,0.6764325721671693,0.10970464135021096,0.12394014962593516,0.09642074506939372,0.22485726833552921,0.26717557251908397,0.0676077265973254,0.310376492194674
A13974103,0.42050840155105557,0.510548523206751,0.1453865336658354,0.08984660336011688,0.5748792270531401,0.22391857506361323,0.11069836552748884,0.12708907254361798
A13977913,0.7177940542869453,0.12517580872011252,0.2254364089775561,0.17384952520087657,0.13306982872200265,0.5521628498727735,0.13893016344725112,0.2857667584940312
A13980017,0.3890564411891426,0.16877637130801687,0.15187032418952617,0.0752373995617239,0.42863416776460256,0.28625954198473286,0.24962852897473997,0.26262626262626265
A13980512,0.22662645411460575,0.23066104078762306,0.1339152119700748,0.15412710007304603,0.3667105841018885,0.044529262086514004,0.12927191679049033,0.4064279155188246
A13981001,0.6027574321413184,0.16877637130801687,0.1344139650872818,0.11979547114682251,0.33816425120772947,0.455470737913486,0.18276374442793464,0.16547291092745636
A13981204,0.5484704868591125,0.18143459915611815,0.05436408977556109,0.17092768444119796,0.11638120333772509,0.1513994910941476,0.5185735512630014,0.14857667584940312
A13983101,0.3003015941404567,0.680731364275668,0.1773067331670823,0.4952520087655222,0.5805884936319718,0.5636132315521629,0.4762258543833581,0.3403122130394858
A13984409,0.5842309349418354,0.06469760900140648,0.18428927680798005,0.02994886778670563,0.5278875713658322,0.11068702290076338,0.0638930163447251,0.4064279155188246
A13984813,0.3903489875053856,0.10267229254571027,0.4428927680798005,0.04674945215485756,0.6934563021519543,0.13740458015267176,0.27340267459138184,0.4361799816345271
A13985106,0.5109866436880656,0.4711673699015471,0.3566084788029925,0.6384222059897735,0.4989020641194554,0.7379134860050891,0.32095096582466565,0.3786960514233242
A13985908,0.7626023265833692,0.15471167369901548,0.11620947630922693,0.2454346238130022,0.2678963548528766,0.21501272264631044,0.03789004457652302,0.2135904499540863
A13986207,0.7470917707884532,0.14486638537271448,0.21521197007481296,0.06281957633308985,0.22793148880105404,0.15521628498727735,0.10995542347696878,0.25601469237832875
A13986505,0.6311934510986644,0.090014064697609,0.11122194513715711,0.04674945215485756,0.27711901624945107,0.2913486005089059,0.1478454680534918,0.28668503213957763
A13986509,0.5105557949159846,0.35724331926863573,0.08204488778054862,0.1789627465303141,0.38691260430390867,0.08142493638676845,0.14858841010401186,0.2909090909090909
A13987301,0.47005601034037053,0.379746835443038,0.1226932668329177,0.09861212563915267,0.40184453227931494,0.059796437659033086,0.17533432392273401,0.4042240587695133
A13987302,0.4510986643688066,0.25738396624472576,0.09600997506234414,0.05113221329437546,0.3509003074220466,0.012722646310432573,0.26151560178306094,0.40275482093663906
A13989702,0.5881085738905645,0.09142053445850915,0.08778054862842893,0.18261504747991236,0.2217830478700044,0.22646310432569977,0.37592867756315007,0.1559228650137741
A13993901,0.5364067212408445,0.31645569620253167,0.11670822942643391,0.07596785975164352,0.41106719367588934,0.24173027989821882,0.20356612184249628,0.4038567493112948
A13995602,0.5682895303748384,0.15471167369901548,0.23541147132169576,0.1358655953250548,0.6034255599472991,0.2697201017811705,0.06612184249628529,0.4124885215794306
A14007001,0.23912106850495474,0.2559774964838256,0.10498753117206983,0.09934258582907232,0.05357927097057532,0.5368956743002545,0.424962852897474,0.454178145087236
A14076401,0.5234812580784145,0.26863572433192684,0.16359102244389026,0.3681519357195033,0.1440491875274484,0.030534351145038163,0.18276374442793464,0.4824609733700643
A14206310,0.1335631193451099,0.30942334739803096,0.4029925187032419,0.266617969320672,0.544137022397892,0.2913486005089059,0.2473997028231798,0.4317722681359045
A14207201,0.3843171046962516,0.1589310829817159,0.25187032418952615,0.7048940832724616,0.19191919191919193,0.7557251908396947,0.4182763744427935,0.26336088154269977
A14210001,0.6984058595433004,0.11533052039381153,0.27231920199501247,0.1818845872899927,0.3390425999121652,0.37786259541984735,0.22213967310549776,0.321763085399449
A14272310,0.32830676432572165,0.3066104078762307,0.42069825436408975,0.252008765522279,0.3495827843653931,0.306615776081425,0.35215453194650814,0.2290174471992654
A14272311,0.44420508401551057,0.011251758087201125,0.3396508728179551,0.011687363038714392,0.24505928853754944,0.17430025445292624,0.25482912332838037,0.25050505050505045
A14276311,0.16846186988367085,0.14345991561181434,0.32693266832917706,0.5617238860482103,0.47167325428194995,0.09669211195928754,0.36701337295690933,0.40936639118457296
A14286203,0.02972856527358897,0.08157524613220815,0.22468827930174562,0.5390796201607012,0.39613526570048313,0.5025445292620866,0.11069836552748884,0.37098255280073456
A15005401,0.3507109004739336,0.30520393811533053,0.21296758104738153,0.15047479912344777,0.2859025032938077,0.3206106870229008,0.40193164933135217,0.5313131313131313
A15072002,0.3709607927617406,0.25316455696202533,0.08428927680798005,0.16581446311176043,0.014053579270970578,0.14885496183206107,0.4717682020802377,0.5533516988062442
A15101509,0.44549763033175355,0.06891701828410689,0.6336658354114713,0.042366691015339665,0.34431269213877913,0.06997455470737915,0.3536404160475483,0.2835629017447199
A15101702,0.46876346402412755,0.10689170182841069,0.6937655860349127,0.02994886778670563,0.287659200702679,0.22391857506361323,0.5289747399702822,0.2653810835629017
A15105301,0.22619560534252475,0.10689170182841069,0.2306733167082294,0.17531044558071587,0.5094422485726834,0.45928753180661586,0.08172362555720654,0.4350780532598715
A15105503,0.4566996984058595,0.1659634317862166,0.17930174563591023,0.3126369612856099,0.7474747474747475,0.3944020356234097,0.2637444279346211,0.4176308539944903
A15105602,0.055148642826367944,0.09282700421940929,0.2024937655860349,0.310445580715851,0.3596837944664032,0.2875318066157761,0.10326894502228827,0.40293847566574836
A15178203,0.3813011632916846,0.1350210970464135,0.11596009975062344,0.11322132943754568,0.5243741765480896,0.2938931297709924,0.5861812778603268,0.43434343434343436
A15178204,0.22662645411460575,0.3361462728551336,0.20399002493765586,0.03798392987582177,0.4945103205972771,0.04961832061068702,0.2867756315007429,0.45766758494031223
A15179403,0.3946574752261956,0.14345991561181434,0.5591022443890273,0.22571219868517167,0.6227492314448836,0.361323155216285,0.01188707280832095,0.3158861340679522
A15192202,0.2834984920292977,0.2222222222222222,0.19301745635910222,0.09715120525931337,0.5972771190162495,0.39312977099236646,0.3038632986627043,0.3987144168962351
A15205002,1.0,0.07454289732770746,0.07007481296758104,0.04382761139517896,0.2880983750548968,0.5432569974554707,0.3900445765230312,0.45932047750229565
A15278301,0.06635071090047394,0.5794655414908579,0.34064837905236905,0.31848064280496713,0.17215634606938957,0.24427480916030536,0.3514115898959881,0.2288337924701561
A15303202,0.5760448082722964,0.21237693389592124,0.938154613466334,0.08400292184075969,0.5726833552920509,0.3575063613231552,0.2109955423476969,0.1884297520661157
A15303204,0.44205084015510554,0.2869198312236287,0.9999999999999998,0.2198685171658145,0.5871761089152393,0.1513994910941476,0.15973254086181277,0.16565656565656564
A15383308,0.7837139164153383,0.45569620253164556,0.62643391521197,0.058436815193571946,0.19894598155467721,0.1183206106870229,0.09286775631500742,0.17777777777777776
A15603003,0.26195605342524775,0.07454289732770746,0.12319201995012469,0.20452885317750183,0.8844971453667105,0.3295165394402036,0.512630014858841,0.5057851239669422
A15603004,0.5415769065058165,0.5372714486638538,0.13790523690773068,0.3060628195763331,0.9999999999999999,0.49236641221374045,0.44576523031203563,0.4870523415977962
A15603007,0.23567427832830673,0.3881856540084388,0.12693266832917705,0.24762600438276114,0.46859903381642515,0.4122137404580153,0.17682020802377413,0.5346189164370982
A15676512,0.007755277897457995,0.1659634317862166,0.17780548628428927,0.1906501095690285,0.2810715854194115,0.27989821882951654,0.23997028231797918,0.521763085399449
A15676701,0.35286514433433863,0.15611814345991562,0.09326683291770574,0.1804236669101534,0.8010540184453228,0.6857506361323156,0.2585438335809807,0.5357208448117539
A15676702,0.0909090909090909,0.3755274261603376,0.09301745635910225,0.1475529583637692,0.7404479578392622,0.03816793893129772,0.46359583952451705,0.5228650137741047
A15703313,0.3580353295993106,0.22362869198312235,0.0942643391521197,0.1285609934258583,0.31752305665349145,0.1577608142493639,0.3439821693907875,0.22424242424242422
A15703318,0.23179663937957773,0.35161744022503516,0.12793017456359101,0.16362308254200147,0.24769433465085644,0.04707379134860051,0.12332838038632986,0.2855831037649219
A15722314,0.24730719517449373,0.29535864978902954,0.1655860349127182,0.15631848064280499,0.2674571805006588,0.23791348600508905,0.5200594353640415,0.11221303948576675
A15774708,0.16760017233950886,0.07032348804500703,0.128428927680798,0.06574141709276846,0.039964866051822576,0.2582697201017812,0.2161961367013373,0.3408631772268136
A15776414,0.33175355450236965,0.21940928270042195,0.17331670822942644,0.20160701241782325,0.3873517786561265,0.09033078880407125,0.10772659732540861,0.25105601469237837
A15776617,0.23136579060749674,0.279887482419128,0.13815461346633415,0.19430241051862673,0.2534036012296882,0.09669211195928754,0.162704309063893,0.2787878787878788
A15776715,0.30417923308918565,0.2517580872011252,0.059850374064837904,0.14974433893352812,0.1383399209486166,0.11704834605597966,0.017087667161961362,0.2899908172635445
A15776916,0.2714347264110297,0.23347398030942335,0.10349127182044887,0.15193571950328708,0.15195432586736937,0.12595419847328246,0.16196136701337294,0.28080808080808084
A15780705,0.1008186126669539,0.17580872011251758,0.12094763092269326,0.10810810810810811,0.10715854194115064,0.22519083969465653,0.387072808320951,0.2598714416896235
A15780806,0.16803102111158985,0.2011251758087201,0.05910224438902743,0.032140248356464576,0.062362758014931935,0.3295165394402036,0.22659732540861816,0.28888888888888886
A15780904,0.19258940112020678,0.2587904360056259,0.05610972568578553,0.08035062089116143,0.11155028546332894,0.07251908396946566,0.0,0.31184573002754823
A15781002,0.06721240844463594,0.24753867791842477,0.07007481296758104,0.07815924032140248,0.06587615283267458,0.3676844783715013,0.2199108469539376,0.35647382920110193
A15785005,0.4868591124515295,0.1729957805907173,0.06558603491271821,0.07742878013148283,0.09617918313570488,0.20610687022900764,0.4390787518573551,0.09605142332415059
A15785605,0.2735889702714347,0.25316455696202533,0.05361596009975062,0.25712198685171656,0.1277997364953887,0.1959287531806616,0.10178306092124813,0.091643709825528
A15785612,0.13140887548470487,0.2489451476793249,0.046134663341645885,0.14536157779401024,0.06499780412823891,0.17811704834605602,0.18722139673105498,0.08980716253443527
A15807313,0.1339939681171909,0.05063291139240506,0.18703241895261843,0.05259313367421476,0.285024154589372,0.21755725190839698,0.2102526002971768,0.38861340679522494
A15807704,0.11546747091770788,0.33473980309423346,0.16134663341645886,0.16946676406135866,0.19060166886253846,0.6310432569974556,0.36181277860326894,0.4359963269054178
A15807707,0.1749246014648858,0.15471167369901548,0.07082294264339152,0.12344777209642074,0.2490118577075099,0.2748091603053435,0.1589895988112927,0.4314049586776859
A15870102,0.5135717363205515,0.06751054852320675,0.06683291770573566,0.07962016070124178,0.23056653491436102,0.5432569974554707,0.39301634472511143,0.5206611570247934
A15876401,0.5045239121068505,0.3431786216596343,0.15561097256857856,0.39590942293644993,0.06060606060606061,0.405852417302799,0.36181277860326894,0.5026629935720844
A15876402,0.4554071520896165,0.3727144866385373,0.1486284289276808,0.39737034331628923,0.05797101449275363,0.3193384223918575,0.27786032689450224,0.49733700642791556
A15879501,0.3959500215424386,0.19690576652601968,0.4167082294264339,0.03725346968590212,0.3386034255599473,0.0,0.18945022288261515,0.2578512396694215
A15886510,0.20206807410598876,0.09423347398030943,0.3506234413965087,0.05259313367421476,0.17303469477382522,0.45038167938931306,0.09658246656760773,0.30027548209366395
A41279921,0.0,0.07876230661040788,0.03940149625935162,0.08911614317019723,0.0,0.4631043256997456,0.6054977711738484,0.06868686868686869
A41279928,0.3610512710038776,0.18846694796061886,0.24962593516209475,0.03798392987582177,0.37066315327184896,0.4300254452926209,0.09658246656760773,0.04921946740128558
A41279930,0.2158552348125808,0.90014064697609,0.29401496259351617,0.006574141709276844,0.43741765480895917,0.1870229007633588,0.08098068350668648,0.09898989898989899
A41279931,0.26281775096940974,0.01969057665260197,0.19226932668329177,0.050401753104455806,0.2692138779095301,0.14885496183206107,0.20356612184249628,0.058034894398530754
B12204002,0.36492890995260663,0.5161744022503516,0.1396508728179551,0.197954711468225,0.6930171277997365,0.5763358778625954,0.9405646359583951,0.14967860422405876
B12273701,0.5588108573890564,0.11814345991561181,0.3488778054862843,0.08181154127100074,0.5766359244620114,0.1959287531806616,0.27191679049034173,0.032874196510560144
B13307001,0.2947005601034037,0.05485232067510548,0.02768079800498753,0.3878743608473338,0.13263065436978483,0.09414758269720103,0.0237741456166419,0.779981634527089
B13307002,0.3610512710038776,0.3080168776371308,0.07930174563591022,0.42951059167275385,0.24110671936758896,0.26208651399491095,0.1411589895988113,0.795959595959596
B13679401,0.6225764756570444,0.0759493670886076,0.2079800498753117,0.23739956172388607,0.492314448836188,0.1513994910941476,0.3187221396731055,0.3483930211202938
