주차장명,위도,경도,주소,전화번호,유무료구분,기본 주차 요금,추가 단위 요금,기본 주차 시간(분 단위),추가 단위 시간(분 단위),일 최대 요금,버스 기본 주차 요금,버스 추가 단위 요금,주소_정제
영등포여고 공영(구),37.51520496,126.91511598,영등포구 신길동 184-3,02-2677-1401,Y,50.0,50.0,5.0,5.0,0.0,0.0,0.0,영등포구 신길동 184-3
휘경마을 공영주차장(구),37.5880691,127.05809327,동대문구 휘경동 308-32,02-2247-9664~6,Y,1000.0,0.0,60.0,0.0,10000.0,0.0,0.0,동대문구 휘경동 308-32
압구정 428 공영주차장(구),37.52701729,127.02647115,강남구 압구정동 428-0,02-2176-0971,Y,400.0,400.0,5.0,5.0,,0.0,0.0,강남구 압구정동 428-0
포이초교 공영주차장(구),37.47564571,127.05236496,강남구 개포동 1273-0,02-2176-0925,Y,200.0,200.0,5.0,5.0,,0.0,0.0,강남구 개포동 1273-0
구로디지털단지역 공영주차장(시),37.48543179,126.90124331,구로구 구로동 810-3,02-2290-6034,Y,260.0,260.0,5.0,5.0,18700.0,0.0,0.0,구로구 구로동 810-3
역삼1문화센터 공영주차장(구),37.49534845,127.03323757,강남구 역삼동 829-20,02-2176-0922,Y,400.0,400.0,5.0,5.0,,0.0,0.0,강남구 역삼동 829-20
언북초교 공영주차장(구),37.51999434,127.04565885,강남구 청담동 27-0,02-2176-0908,Y,300.0,300.0,5.0,5.0,,0.0,0.0,강남구 청담동 27-0
언주초 공영주차장(구),37.48664435,127.03705039,강남구 도곡동 922-0,02-2176-0929,Y,200.0,200.0,5.0,5.0,,0.0,0.0,강남구 도곡동 922-0
연광초교지하공동주차장(구),37.62387156,126.92422148,은평구 불광동 400-6,,Y,100.0,100.0,5.0,5.0,0.0,0.0,0.0,은평구 불광동 400-6
구파발역 공영주차장(시),37.63800702,126.91932176,은평구 진관동 66-30,02-2290-6088,Y,170.0,170.0,5.0,5.0,12200.0,0.0,0.0,은평구 진관동 66-30
한누리(구),37.47743578,126.97707837,동작구 사당동 1046-1,,Y,150.0,150.0,5.0,5.0,35000.0,0.0,0.0,동작구 사당동 1046-1
봉천복개3 공영주차장(시),37.48719836,126.93242431,관악구 봉천동 1467-3,,Y,220.0,220.0,5.0,5.0,,0.0,0.0,관악구 봉천동 1467-3
독산동 금천교 공영주차장(시),37.46658699,126.88993456,금천구 독산동 1081-4,,Y,400.0,400.0,5.0,5.0,0.0,0.0,0.0,금천구 독산동 1081-4
여의도공원앞1 노상주차장(구),37.52517917,126.91940173,영등포구 여의도동 2-11,02-2650-1436,Y,500.0,1000.0,5.0,10.0,20000.0,0.0,0.0,영등포구 여의도동 2-11
청계2(북2) 공영주차장(시),37.56896044,126.997456,종로구 관수동 91-4,,Y,750.0,750.0,5.0,5.0,0.0,0.0,0.0,종로구 관수동 91-4
청계3(북1) 공영주차장(시),37.56960989,127.00079461,종로구 예지동 140-1,,Y,750.0,750.0,5.0,5.0,0.0,0.0,0.0,종로구 예지동 140-1
가마산고가밑 공영주차장(시),37.4928513,126.88246397,구로구 구로동 414-13,,Y,120.0,120.0,5.0,5.0,0.0,0.0,0.0,구로구 구로동 414-13
청계3(남) 공영주차장(시),37.56907066,126.99979552,중구 주교동 51-3,,Y,750.0,750.0,5.0,5.0,0.0,0.0,0.0,중구 주교동 51-3
청계6(청평화) 공영주차장(시),37.56959934,127.01508269,중구 신당동 217-91 0,02-2252-8036,Y,450.0,450.0,5.0,5.0,0.0,0.0,0.0,중구 신당동 217-91 0
남대문 화물 공영주차장(시),37.56093651,126.97800584,중구 남대문로4가 24-1,,Y,400.0,400.0,5.0,5.0,,0.0,0.0,중구 남대문로4가 24-1
한진면세점 앞(구),37.55614503,126.97517325,중구 남대문로5가 533-0,02-2280-8360,Y,250.0,250.0,5.0,5.0,,0.0,0.0,중구 남대문로5가 533-0
해운센터 앞(구),37.56327493,126.98079534,중구 소공동 59-0,02-2280-8360,Y,600.0,600.0,5.0,5.0,,0.0,0.0,중구 소공동 59-0
신설동 공영주차장(시),37.57252061,127.02425684,동대문구 신설동 114-29,02-2232-6096,Y,260.0,260.0,5.0,5.0,18700.0,0.0,0.0,동대문구 신설동 114-29
암사1동 주차장(구),37.55289,127.1377215,강동구 암사동 59-2,02-428-2431,Y,150.0,150.0,5.0,5.0,,0.0,0.0,강동구 암사동 59-2
휘경유수지 공영주차장(구),37.58908686,127.06977384,동대문구 휘경동 348-0,,Y,500.0,500.0,10.0,10.0,0.0,0.0,0.0,동대문구 휘경동 348-0
영등포동제3공영(구),37.517985,126.902785,영등포구 영등포동4가 442-0,02-2677-1401,Y,250.0,250.0,5.0,5.0,0.0,0.0,0.0,영등포구 영등포동4가 442-0
청파동1마을공원공영주차장(구),37.54294115,126.96847142,용산구 청파동3가 118-102,070-8956-2371,Y,150.0,150.0,5.0,5.0,0.0,0.0,0.0,용산구 청파동3가 118-102
청파동청사(구),37.54549939,126.96991775,용산구 청파동2가 91-1,02-749-5314,Y,150.0,150.0,5.0,5.0,0.0,0.0,0.0,용산구 청파동2가 91-1
후암동주차장(구),37.55048874,126.97648587,용산구 후암동 65-4,02-749-5314,Y,150.0,150.0,5.0,5.0,0.0,0.0,0.0,용산구 후암동 65-4
영등포구청역 공영주차장(시),37.52432737,126.89548892,영등포구 당산동3가 370-3,02-2290-6089,Y,260.0,260.0,5.0,5.0,18700.0,0.0,0.0,영등포구 당산동3가 370-3
잠실역 공영주차장(시),37.51427683,127.10341414,송파구 신천동 27-0,02-2290-6402,Y,400.0,400.0,5.0,5.0,28800.0,0.0,0.0,송파구 신천동 27-0
장안2동 공영주차장(시),37.5782752,127.07061896,동대문구 장안동 286-9,02-2290-6417,Y,130.0,130.0,5.0,5.0,9300.0,0.0,0.0,동대문구 장안동 286-9
해방촌노외 공영주차장(구),37.54438297,126.98430421,용산구 용산동2가 1-1497,070-4906-2524,Y,130.0,130.0,5.0,5.0,9300.0,0.0,0.0,용산구 용산동2가 1-1497
당산노외 공영주차장(시),37.52625065,126.89945376,영등포구 당산동3가 2-1,1533-2315,Y,260.0,260.0,5.0,5.0,18700.0,0.0,0.0,영등포구 당산동3가 2-1
명일동 공영주차장(시),37.55361065,127.15591212,강동구 명일동 47-9,,Y,220.0,220.0,5.0,5.0,15800.0,0.0,0.0,강동구 명일동 47-9
탄천제2호 공영주차장(구),37.49403327,127.087416,강남구 일원동 4-49,02-2176-0931,Y,100.0,100.0,5.0,5.0,,0.0,0.0,강남구 일원동 4-49
영희초교 공영주차장(구),37.49192117,127.08129163,강남구 일원동 617-0,02-2176-0934,Y,100.0,100.0,5.0,5.0,,0.0,0.0,강남구 일원동 617-0
하늘공원주차장(구),37.48713079,126.88080148,구로구 가리봉동 1-11,,Y,150.0,150.0,5.0,5.0,0.0,0.0,0.0,구로구 가리봉동 1-11
개봉1동 노외주차장(구),37.50001376,126.8510351,구로구 개봉동 134-8,,Y,100.0,100.0,5.0,5.0,0.0,0.0,0.0,구로구 개봉동 134-8
동작대교 공영주차장(시),37.518577,126.983287,용산구 용산동6가 69-11,,Y,120.0,120.0,5.0,5.0,8600.0,0.0,0.0,용산구 용산동6가 69-11
개화역 공영주차장(시),37.57798421,126.79821222,강서구 개화동 664-0,02-2290-6312,Y,170.0,170.0,5.0,5.0,12200.0,0.0,0.0,강서구 개화동 664-0
신대방역 공영주차장(시),37.48830327,126.91452278,관악구 신림동 498-0,02-2290-6144,Y,260.0,260.0,5.0,5.0,18700.0,0.0,0.0,관악구 신림동 498-0
구로디지털단지역(상) 공영주차장(시),37.48481135,126.90323392,관악구 신림동 1677-5,,Y,260.0,260.0,5.0,5.0,18700.0,0.0,0.0,관악구 신림동 1677-5
학여울 공영주차장(시),37.49705092,127.07239543,강남구 대치동 514-1,02-3405-4074,Y,260.0,260.0,5.0,5.0,18700.0,0.0,0.0,강남구 대치동 514-1
일원터널 공영주차장(시),37.48285728,127.07937197,강남구 일원동 722-1,02-2290-6449,Y,130.0,130.0,5.0,5.0,0.0,0.0,0.0,강남구 일원동 722-1
창동역(서) 공영주차장(시),37.65237042,127.04567683,도봉구 창동 330-0,,Y,260.0,260.0,5.0,5.0,18700.0,0.0,0.0,도봉구 창동 330-0
청암공영주차장(무인)(구),37.62472117,127.01538636,강북구 미아동 791-1694,02-무인,N,0.0,0.0,0.0,0.0,0.0,0.0,0.0,강북구 미아동 791-1694
석계역 공영주차장(시),37.615292,127.062997,노원구 월계동 50-9,,Y,260.0,260.0,5.0,5.0,18700.0,0.0,0.0,노원구 월계동 50-9
동구로 공영주차장(시),37.49510602,126.89186155,구로구 구로동 94-1,02-3405-4086,Y,320.0,320.0,5.0,5.0,23000.0,0.0,0.0,구로구 구로동 94-1
적선동 주차장(시),37.57449014,126.97418586,종로구 적선동 140-0,02-2264-4895,Y,8100.0,680.0,120.0,5.0,0.0,8100.0,680.0,종로구 적선동 140-0
해군본부앞 공영주차장(시),37.50428502,126.92085978,영등포구 신길동 812-0,,Y,220.0,220.0,5.0,5.0,,0.0,0.0,영등포구 신길동 812-0
가산동 금천교 공영주차장(시),37.46583997,126.8869005,금천구 가산동 691-3,,Y,200.0,200.0,5.0,5.0,0.0,0.0,0.0,금천구 가산동 691-3
당산고가밑 공영주차장(시),37.5322108,126.9005383,영등포구 당산동5가 9-15,,Y,260.0,260.0,5.0,5.0,,0.0,0.0,영등포구 당산동5가 9-15
을지로 공영주차장(시),37.56691184,126.99853811,중구 을지로3가 282-8,02-2274-2009,Y,750.0,750.0,5.0,5.0,,0.0,0.0,중구 을지로3가 282-8
연신중학교지하공동주차장(구),37.6232864,126.92508572,은평구 불광동 400-4,,Y,100.0,100.0,5.0,5.0,,0.0,0.0,은평구 불광동 400-4
남산공원 소월로 관광버스전용 주차장(시),37.55447826,126.97818129,중구 남대문로5가 450-0,02-2290-6449,N,0.0,0.0,0.0,0.0,0.0,0.0,0.0,중구 남대문로5가 450-0
탑골공원 관광버스전용 주차장(시),37.57134087,126.98776281,종로구 종로2가 38-4,02)2290-6449,N,0.0,0.0,0.0,0.0,0.0,0.0,0.0,종로구 종로2가 38-4
강일동 주차장(구),37.565988,127.172313,강동구 강일동 665-4,02-427-6147,Y,150.0,150.0,5.0,5.0,,0.0,0.0,강동구 강일동 665-4
대림노외 공영주차장(시),37.4928472,126.89433148,구로구 구로동 120-5,,Y,260.0,260.0,5.0,5.0,18700.0,0.0,0.0,구로구 구로동 120-5
도봉산역 공영주차장(시),37.68972069,127.04483862,도봉구 도봉동 288-19,02)2290-6047 ,Y,170.0,170.0,5.0,5.0,12200.0,0.0,0.0,도봉구 도봉동 288-19
가로공원로 지하 주차장(구),37.53758251,126.83934816,강서구 화곡동 662-15,02-2699-0802,Y,100.0,100.0,5.0,5.0,5000.0,0.0,0.0,강서구 화곡동 662-15
동대문 공영주차장(시),37.56710187,127.01214106,중구 신당동 251-7,02)2254-4901 ,Y,360.0,360.0,5.0,5.0,25900.0,0.0,0.0,중구 신당동 251-7
큰마을길(구),37.62317674,127.02353761,강북구 미아동 309-14,02-944-3025,Y,200.0,200.0,5.0,5.0,10000.0,0.0,0.0,강북구 미아동 309-14
서울글로벌센터 공영주차장(시),37.56983402,126.98150586,종로구 서린동 63-0,02-720-9862,Y,700.0,700.0,5.0,5.0,50400.0,0.0,0.0,종로구 서린동 63-0
용답제2(평면) 공영주차장(구),37.56328524,127.05628296,성동구 용답동 182-10,02-2204-7970,Y,150.0,150.0,5.0,5.0,,0.0,0.0,성동구 용답동 182-10
오류1동 텃골주차장(구),37.4954652,126.83924837,구로구 오류동 6-11,,Y,100.0,100.0,5.0,5.0,,0.0,0.0,구로구 오류동 6-11
천왕역 공영주차장(시),37.48728845,126.83918316,구로구 오류동 174-10,02-2290-6343,Y,170.0,170.0,5.0,5.0,12200.0,0.0,0.0,구로구 오류동 174-10
견인보관소(구),37.58901132,127.0691229,동대문구 휘경동 361-0,02-2247-9666,Y,500.0,500.0,10.0,10.0,0.0,0.0,0.0,동대문구 휘경동 361-0
영등포본동제2공영(구),37.51332538,126.91407775,영등포구 신길동 186-355,02-2677-1401,Y,50.0,50.0,5.0,5.0,0.0,0.0,0.0,영등포구 신길동 186-355
풍납유수지(구),37.52529597,127.10604326,송파구 가락동 387-0,02-474-9906,Y,250.0,,5.0,,0.0,0.0,0.0,송파구 가락동 387-0
DDP북측 마장로 관광버스전용 주차장(시),37.56825525,127.01078294,중구 신당동 222-3,02-2290-6449,N,0.0,0.0,0.0,0.0,0.0,0.0,0.0,중구 신당동 222-3
영등포구청별관 공영주차장(구),37.528464,126.89437002,영등포구 당산동3가 560-0,02-2677-1401,Y,150.0,150.0,5.0,5.0,0.0,0.0,0.0,영등포구 당산동3가 560-0
동국제강 공영주차장(시),37.56733736,126.98343453,중구 삼각동 111-1,,Y,700.0,700.0,5.0,5.0,50400.0,0.0,0.0,중구 삼각동 111-1
DDP동측(양쪽) 관광버스전용 주차장(시),37.56590564,127.0101255,중구 을지로7가 2-36,02-2290-6449,N,0.0,0.0,0.0,0.0,0.0,0.0,0.0,중구 을지로7가 2-36
남대문 초입 관광버스전용 주차장(시),37.55943,126.975717,중구 남창동 282-10,02)2290-6449,N,0.0,0.0,0.0,0.0,0.0,0.0,0.0,중구 남창동 282-10
남대문 시장 관광버스전용 주차장(시),37.55942,126.975909,중구 남창동 51-4,02)2290-6449,N,0.0,0.0,0.0,0.0,0.0,0.0,0.0,중구 남창동 51-4
고척근린공원지하주차장(구),37.50559235,126.85197253,구로구 고척동 9-14,02-850-0920,Y,150.0,150.0,5.0,5.0,,0.0,0.0,구로구 고척동 9-14
황학어린이공원 지하주차장(구),37.56754712,127.01813313,중구 황학동 755-0,02-2280-8368,Y,200.0,200.0,5.0,5.0,,0.0,0.0,중구 황학동 755-0
한남동 공영주차장(구),37.53496611,127.00019178,용산구 한남동 685-46,02-749-3633,Y,250.0,250.0,5.0,5.0,,0.0,0.0,용산구 한남동 685-46
가산디지털 서측(구),37.48568215,126.87969296,금천구 가산동 505-3,,Y,300.0,300.0,10.0,10.0,9000.0,0.0,0.0,금천구 가산동 505-3
영남 공영주차장(시),37.51947074,126.90260898,영등포구 영등포동4가 123-0,02-1588-1054,Y,160.0,160.0,5.0,5.0,11500.0,0.0,0.0,영등포구 영등포동4가 123-0
역삼문화공원 공영주차장(구),37.5026327,127.03006081,강남구 역삼동 635-0,02-2176-0907,Y,300.0,300.0,5.0,5.0,,0.0,0.0,강남구 역삼동 635-0
엔젤데이케이센터 지하주차장(구),37.48266125,126.97036098,동작구 사당동 278-34,,N,0.0,0.0,0.0,0.0,0.0,0.0,0.0,동작구 사당동 278-34
한국통신(구),37.52835344,126.87110434,양천구 목동 924-1,,Y,250.0,250.0,5.0,5.0,0.0,0.0,0.0,양천구 목동 924-1
경부제3녹지공영주차장(구),37.51357817,126.92346995,영등포구 신길동 69-39,02-2677-1401,Y,100.0,100.0,5.0,5.0,0.0,0.0,0.0,영등포구 신길동 69-39
청계7가 공영주차장(시),37.57210801,127.0211315,종로구 창신동 436-87,,Y,450.0,450.0,5.0,5.0,0.0,0.0,0.0,종로구 창신동 436-87
동순라길(종묘) 관광버스전용 주차장(시),37.57248168,126.99663811,종로구 인의동 107-1,02-2290-6449,N,0.0,0.0,0.0,0.0,0.0,0.0,0.0,종로구 인의동 107-1
필운대로 도미노피자앞 이륜차 주차장(구),37.579983,126.968677,종로구 누하동 7-0,,N,0.0,0.0,0.0,0.0,0.0,0.0,0.0,종로구 누하동 7-0
열린마당(구),37.57534073,126.9787157,종로구 세종로 111-0 옆,,Y,500.0,1000.0,5.0,10.0,0.0,0.0,0.0,종로구 세종로 111-0 옆
원서공원 앞(구),37.57806188,126.98934142,종로구 와룡동 206-0,,Y,500.0,500.0,5.0,5.0,0.0,0.0,0.0,종로구 와룡동 206-0
청계1(북) 공영주차장(시),37.568303,126.988003,종로구 관철동 13-14,,Y,750.0,750.0,5.0,5.0,0.0,0.0,0.0,종로구 관철동 13-14
청계5(북1) 공영주차장(시),37.56988503,127.00750567,종로구 종로5가 458-2,,Y,750.0,750.0,5.0,5.0,0.0,0.0,0.0,종로구 종로5가 458-2
청계5(동호로_북) 공영주차장(시),37.57008636,127.0021395,종로구 종로5가 458-2,,Y,750.0,750.0,5.0,5.0,0.0,0.0,0.0,종로구 종로5가 458-2
청계3(창경궁로_북1) 공영주차장(시),37.56992932,126.99795004,종로구 예지동 140-1,,Y,750.0,750.0,5.0,5.0,0.0,0.0,0.0,종로구 예지동 140-1
경복궁역 이륜차 주차장(구),37.57621597,126.9723284,종로구 내자동 67-2,,N,0.0,0.0,0.0,0.0,0.0,0.0,0.0,종로구 내자동 67-2
청계2(돈화문로) 공영주차장(시),37.56947712,126.99233443,종로구 관수동 91-4,,Y,750.0,750.0,5.0,5.0,0.0,0.0,0.0,종로구 관수동 91-4
사직로3 관광버스 주차허용 구간(시),37.57464656,126.96778848,종로구 사직동 240-0 (한국갤럽 앞 ~ 풍림스페이스본 버스정류장 전),02)2133-2357,N,0.0,0.0,0.0,0.0,0.0,0.0,0.0,종로구 사직동 240-0 (한국갤럽 앞 ~ 풍림스페이스본 버스정류장 전)
창의문로 관광버스 주차허용 구간(시),37.59188583,126.96804759,종로구 청운동 15-57 (벽산빌리지 9동 앞 ~ 청운중학교 100m 앞),02-2133-2357,N,0.0,0.0,0.0,0.0,0.0,0.0,0.0,종로구 청운동 15-57 (벽산빌리지 9동 앞 ~ 청운중학교 100m 앞)
사직로1 관광버스 주차허용 구간(시),37.57611823,126.97109544,종로구 내자동 35-0 내자동 54(치과의원) ~ 필운동 227(금고 앞),02)2133-2357,N,0.0,0.0,0.0,0.0,0.0,0.0,0.0,종로구 내자동 35-0 내자동 54(치과의원) ~ 필운동 227(금고 앞)
관철동 공영주차장(시),37.56845041,126.98621394,종로구 관철동 13-14,02-738-0909,Y,430.0,430.0,5.0,5.0,0.0,0.0,0.0,종로구 관철동 13-14
청계6(북) 공영주차장(시),37.56999096,127.0137819,종로구 종로6가 289-49,,Y,450.0,450.0,5.0,5.0,0.0,0.0,0.0,종로구 종로6가 289-49
청계2(북1) 공영주차장(시),37.568563,126.992686,종로구 관수동 91-4,,Y,750.0,750.0,5.0,5.0,0.0,0.0,0.0,종로구 관수동 91-4
창경궁로1 관광버스 주차허용 구간(시),37.57930741,126.99647211,종로구 와룡동 2-86 (창경궁주차장~홍화문),02)2133-2357,N,0.0,0.0,0.0,0.0,0.0,0.0,0.0,종로구 와룡동 2-86 (창경궁주차장~홍화문)
사직로2 관광버스 주차허용 구간(시),37.57582091,126.97162184,종로구 내자동 131-0 내자동136(사직이용원) ~ 내자동75-4(가로등),02)2133-2357,N,0.0,0.0,0.0,0.0,0.0,0.0,0.0,종로구 내자동 131-0 내자동136(사직이용원) ~ 내자동75-4(가로등)
당고개위 공영주차장(시),37.67068814,127.0804932,노원구 상계동 111-568,,Y,260.0,260.0,5.0,5.0,0.0,0.0,0.0,노원구 상계동 111-568
(구)북부지법주변(구),37.61949515,127.07744365,노원구 공릉동 629-1,,Y,250.0,0.0,5.0,0.0,33000.0,0.0,0.0,노원구 공릉동 629-1
유경백화점뒤(구),37.65024849,127.07751909,노원구 중계동 364-16,,Y,250.0,0.0,5.0,0.0,33000.0,0.0,0.0,노원구 중계동 364-16
청구건영아파트옆(구),37.6482358,127.07606422,노원구 중계동 360-4,,Y,250.0,0.0,5.0,0.0,33000.0,0.0,0.0,노원구 중계동 360-4
신한증권옆(구),37.65121035,127.07744643,노원구 중계동 366-12,,Y,250.0,0.0,5.0,0.0,33000.0,0.0,0.0,노원구 중계동 366-12
성내역(잠실나루역) 공영주차장(시),37.51806271,127.10500566,송파구 신천동 11-1,,Y,250.0,250.0,5.0,5.0,,0.0,0.0,송파구 신천동 11-1
동작대교(위) 공영주차장(시),37.5054585,126.9800521,동작구 동작동 316-3,,Y,260.0,260.0,5.0,5.0,0.0,0.0,0.0,동작구 동작동 316-3
헌릉로745길(구),37.47100805,127.11883737,강남구 율현동 101-10,,Y,300.0,600.0,5.0,5.0,24000.0,0.0,0.0,강남구 율현동 101-10
영동대로106길(구),37.51380869,127.06311388,강남구 삼성동 172-7,,Y,300.0,600.0,5.0,5.0,24000.0,0.0,0.0,강남구 삼성동 172-7
테헤란로64길(구),37.50475364,127.05103466,강남구 대치동 1011-19,,Y,400.0,800.0,5.0,5.0,30000.0,0.0,0.0,강남구 대치동 1011-19
영동대로85길(구),37.50645436,127.06055016,강남구 대치동 1012-15,1544-3113,Y,400.0,,5.0,,,0.0,0.0,강남구 대치동 1012-15
영동대로96길(구),37.5101505,127.06544523,강남구 삼성동 172-41,,Y,300.0,600.0,5.0,5.0,24000.0,0.0,0.0,강남구 삼성동 172-41
언주로147길(구),37.51980001,127.03329039,강남구 논현동 279-22 언북중학교 뒷길,,Y,400.0,800.0,5.0,5.0,30000.0,0.0,0.0,강남구 논현동 279-22 언북중학교 뒷길
언주로171길(구),37.52760882,127.03176993,강남구 신사동 668-11,,Y,400.0,800.0,5.0,5.0,30000.0,0.0,0.0,강남구 신사동 668-11
압구정고가1 공영주차장(시),37.52591869,127.0284366,강남구 신사동 668-0,,Y,500.0,500.0,5.0,5.0,0.0,0.0,0.0,강남구 신사동 668-0
동호대교(남) 공영주차장(시),37.53101142,127.02468977,강남구 압구정동 435-0,,Y,170.0,170.0,5.0,5.0,0.0,0.0,0.0,강남구 압구정동 435-0
압구정고가2 공영주차장(시),37.52571163,127.0283593,강남구 신사동 668-0,,Y,500.0,500.0,5.0,5.0,0.0,0.0,0.0,강남구 신사동 668-0
대림역2 공영주차장(시),37.49365308,126.8944617,구로구 구로동 73-9,,Y,260.0,260.0,5.0,5.0,0.0,0.0,0.0,구로구 구로동 73-9
가양3동 황금내공원길(구),37.56316872,126.86158525,강서구 가양동 1485-0,02-2607-9113,Y,100.0,100.0,5.0,5.0,5000.0,0.0,0.0,강서구 가양동 1485-0
용강동 노상 공영주차장(구),37.54197642,126.94076455,마포구 용강동 122-15,,Y,250.0,250.0,5.0,5.0,0.0,0.0,0.0,마포구 용강동 122-15
신학대길 노상공영주차장(구),37.55076408,126.85034597,강서구 화곡동 980-19,02-2065-1575,Y,250.0,,5.0,,,0.0,0.0,강서구 화곡동 980-19
방화로 공영주차장(시),37.55423094,126.81625315,강서구 공항동 796-0,,Y,120.0,120.0,5.0,5.0,0.0,0.0,0.0,강서구 공항동 796-0
경남 공영주차장(구),37.55540693,126.92088322,마포구 서교동 376-5,,Y,250.0,250.0,5.0,5.0,0.0,0.0,0.0,마포구 서교동 376-5
연남 유료 주차장(구),37.56175249,126.92439496,마포구 연남동 258-3,,Y,250.0,250.0,5.0,5.0,0.0,0.0,0.0,마포구 연남동 258-3
청기와 유료 주차장(구),37.55616635,126.91486834,마포구 서교동 479-4,,Y,250.0,250.0,5.0,5.0,0.0,0.0,0.0,마포구 서교동 479-4
청계5(동호로_남) 공영주차장(시),37.56901569,127.00223014,중구 방산동 4-47 0,,Y,750.0,750.0,5.0,5.0,0.0,0.0,0.0,중구 방산동 4-47 0
청계3(창경궁로_남) 공영주차장(시),37.56745128,126.99802254,중구 주교동 123-1 0,,Y,750.0,750.0,5.0,5.0,0.0,0.0,0.0,중구 주교동 123-1 0
성산로 관광버스 주차허용 구간(시),37.56574812,126.91325892,마포구 성산동 117-1,02)2133-2357,N,0.0,0.0,0.0,0.0,0.0,0.0,0.0,마포구 성산동 117-1
청계5(남) 공영주차장(시),37.56951246,127.00750172,중구 을지로6가 17-442 0,,Y,750.0,750.0,5.0,5.0,0.0,0.0,0.0,중구 을지로6가 17-442 0
청계5가 공영주차장(시),37.56957671,127.0087895,중구 을지로6가 17-442 0,02-2265-3531,Y,750.0,750.0,5.0,5.0,0.0,0.0,0.0,중구 을지로6가 17-442 0
훈련원공원 옆(구),37.567571,127.004935,중구 을지로6가 18-200,02-2280-8360,Y,350.0,350.0,5.0,5.0,0.0,0.0,0.0,중구 을지로6가 18-200
청계6(신평화시장앞) 공영주차장(시),37.56957236,127.01175527,중구 신당동 217-91 0,,Y,450.0,450.0,5.0,5.0,0.0,0.0,0.0,중구 신당동 217-91 0
청계6(동평화) 공영주차장(시),37.56958163,127.01309791,중구 신당동 217-91 0,,Y,450.0,450.0,5.0,5.0,0.0,0.0,0.0,중구 신당동 217-91 0
청계5(방산동) 공영주차장(시),37.56948025,127.00492874,중구 방산동 52-1,,Y,750.0,750.0,5.0,5.0,0.0,0.0,0.0,중구 방산동 52-1
코오롱빌딩 옆(구),37.5675585,126.978441,중구 태평로1가 31-0,02-2280-8360,Y,600.0,600.0,5.0,5.0,0.0,0.0,0.0,중구 태평로1가 31-0
한국관광공사 옆(구),37.56832,126.982008,중구 다동 85-4,02-2280-8360,Y,600.0,600.0,5.0,5.0,0.0,0.0,0.0,중구 다동 85-4
청소년회관 뒤 노상 공영주차장(구),37.56719038,126.99035973,중구 수표동 50-1 0,,Y,500.0,500.0,5.0,5.0,0.0,0.0,0.0,중구 수표동 50-1 0
남대문시장3번게이트 이륜차 주차장(시),37.5609932,126.97841924,중구 남대문로3가 13-3 0,02)3396-6262,N,0.0,0.0,0.0,0.0,0.0,0.0,0.0,중구 남대문로3가 13-3 0
서울스퀘어빌딩앞 이륜차 전용주차장(시),37.55507216,126.9732338,중구 남대문로5가 541-0 0,02)3396-6262,N,0.0,0.0,0.0,0.0,0.0,0.0,0.0,중구 남대문로5가 541-0 0
남대문시장2번게이트앞 이륜차 주차장(시),37.56080252,126.97749906,중구 남대문로4가 3-6 0,02)3396-6262,N,0.0,0.0,0.0,0.0,0.0,0.0,0.0,중구 남대문로4가 3-6 0
남산케이블카 공영주차장(시),37.55607461,126.98390319,중구 회현동1가 1-19,,Y,330.0,330.0,5.0,5.0,0.0,0.0,0.0,중구 회현동1가 1-19
마른내길 공영주차장(시),37.56431447,126.9937159,중구 인현동1가 87-10,02-2274-2009,Y,680.0,680.0,5.0,5.0,0.0,0.0,0.0,중구 인현동1가 87-10
남산파출소 공영주차장(시),37.55492478,126.98182033,중구 회현동1가 1-16,,Y,330.0,330.0,5.0,5.0,,0.0,0.0,중구 회현동1가 1-16
남산공원 소파로 관광버스전용 주차장(시),37.55568869,126.97984497,중구 남창동 205-107,02-2290-6449,N,0.0,0.0,0.0,0.0,0.0,0.0,0.0,중구 남창동 205-107
청계8가 공영주차장(시),37.56982496,127.01674497,중구 흥인동 162-1 0,,Y,500.0,500.0,5.0,5.0,0.0,0.0,0.0,중구 흥인동 162-1 0
청계3(동호로) 공영주차장(시),37.5686183,127.00200133,중구 방산동 4-47 0,,Y,750.0,750.0,5.0,5.0,0.0,0.0,0.0,중구 방산동 4-47 0
소파로케이블카앞 관광버스전용 주차장(시),37.5551304,126.98369017,중구 회현동1가 1-15,02-2290-6449,N,0.0,0.0,0.0,0.0,0.0,0.0,0.0,중구 회현동1가 1-15
가산중앞(구),37.4689125,126.89494586,금천구 독산동 300-26,,Y,250.0,0.0,5.0,0.0,15000.0,0.0,0.0,금천구 독산동 300-26
가산디지털환승(구),37.48351317,126.88199359,금천구 가산동 35-2,,Y,150.0,0.0,5.0,0.0,10000.0,0.0,0.0,금천구 가산동 35-2
LG텔레콤(구),37.47453482,126.88691146,금천구 가산동 60-36,,Y,250.0,0.0,5.0,0.0,15000.0,0.0,0.0,금천구 가산동 60-36
SJ테크노빌(구),37.47835788,126.88425398,금천구 가산동 60-19,,Y,250.0,0.0,5.0,0.0,15000.0,0.0,0.0,금천구 가산동 60-19
거주자우선주차장(구),37.56958504,127.0398131,성동구 마장동 494-0,,Y,250.0,250.0,5.0,5.0,10000.0,0.0,0.0,성동구 마장동 494-0
KT성수분국 앞(구),37.54592031,127.06175605,성동구 성수동2가 277-43,,Y,250.0,250.0,5.0,5.0,10000.0,0.0,0.0,성동구 성수동2가 277-43
파리공원(구),37.53378949,126.87733559,양천구 목동 906-1,,Y,150.0,150.0,5.0,5.0,0.0,0.0,0.0,양천구 목동 906-1
신정4동길(구),37.52660775,126.86173677,양천구 신정동 902-0,02-2695-8597,Y,150.0,300.0,5.0,10.0,9000.0,0.0,0.0,양천구 신정동 902-0
청계8가(남) 공영주차장(시),37.57066837,127.02598255,성동구 상왕십리동 12-47,02-2274-2009,Y,450.0,450.0,5.0,5.0,0.0,0.0,0.0,성동구 상왕십리동 12-47
현대41타워옆 노상공영주차장(구),37.52776046636034,126.87571703130052,양천구 목동 917-2,02-2644-1386,Y,150.0,0.0,5.0,0.0,9000.0,0.0,0.0,양천구 목동 917-2
양천경찰서 노상공영주차장(구),37.51656440743686,126.86500048728745,양천구 신정동 322-3,02-2644-1386,Y,150.0,0.0,5.0,0.0,9000.0,0.0,0.0,양천구 신정동 322-3
한전 뒷길 노상주차장(구),37.52008392780685,126.8692604187864,양천구 신정동 319-25,02-2644-1386,Y,150.0,0.0,5.0,0.0,9000.0,0.0,0.0,양천구 신정동 319-25
양천공원옆(구),37.51884814,126.86888104,양천구 신정동 320-3,,Y,150.0,150.0,5.0,5.0,0.0,0.0,0.0,양천구 신정동 320-3
양천구청 노상공영주차장(구),37.51727019011342,126.86689594370448,양천구 신정동 321-3,02-2644-1386,Y,150.0,0.0,5.0,0.0,9000.0,0.0,0.0,양천구 신정동 321-3
"신정1,3동 복개(구)",37.51922121,126.85402741,양천구 신정동 1031-0,02-2645-1158,Y,150.0,300.0,5.0,10.0,9000.0,0.0,0.0,양천구 신정동 1031-0
KBS별관뒤 노상주차장(구),37.51861441,126.928058,영등포구 여의도동 4-5,02-2650-1436,Y,500.0,500.0,5.0,5.0,36000.0,0.0,0.0,영등포구 여의도동 4-5
MBC방송국뒤 노상주차장(구),37.52344114,126.9313437,영등포구 여의도동 3-1,02-2650-1436,Y,500.0,1000.0,5.0,10.0,36000.0,0.0,0.0,영등포구 여의도동 3-1
KBS본관 앞 노상주차장(구),37.52517213,126.91827062,영등포구 여의도동 1-7,02-2650-1436,Y,500.0,1000.0,5.0,10.0,36000.0,0.0,0.0,영등포구 여의도동 1-7
한국거래소앞 노상주차장(구),37.52272427,126.92882673,영등포구 여의도동 3-3,02-2650-1436,Y,500.0,1000.0,5.0,10.0,36000.0,0.0,0.0,영등포구 여의도동 3-3
호성빌딩 앞 노상주차장(구),37.52027644,126.92898055,영등포구 여의도동 4-4,02-2650-1436,Y,500.0,1000.0,5.0,10.0,36000.0,0.0,0.0,영등포구 여의도동 4-4
문래1동 공영주차장(시),37.51348979,126.89689264,영등포구 문래동3가 54-12,,Y,130.0,130.0,5.0,5.0,,0.0,0.0,영등포구 문래동3가 54-12
여의도백화점 앞 노상주차장(구),37.52097118,126.92732517,영등포구 여의도동 3-5,02-2650-1436,Y,500.0,1000.0,5.0,10.0,36000.0,0.0,0.0,영등포구 여의도동 3-5
경호빌딩앞 노상주차장(구),37.52343553,126.92634316,영등포구 여의도동 25-0,02-2650 -1436,Y,500.0,1000.0,5.0,10.0,36000.0,0.0,0.0,영등포구 여의도동 25-0
KBS별관옆 노상주차장(구),37.51949054,126.92996348,영등포구 여의도동 4-4,02-2650-1436,Y,500.0,1000.0,5.0,10.0,36000.0,0.0,0.0,영등포구 여의도동 4-4
양남사거리 앞 노상주차장(구),37.52236224,126.89156248,영등포구 당산동2가 30-0,02-2650-1436,Y,250.0,250.0,5.0,5.0,15000.0,0.0,0.0,영등포구 당산동2가 30-0
영등포중앙시장 노상주차장(구),37.52234304,126.90840843,영등포구 영등포동7가 5-1,02-2634-1308,Y,100.0,200.0,5.0,10.0,6000.0,0.0,0.0,영등포구 영등포동7가 5-1
한진해운 앞 노상주차장(구),37.52300728,126.92526446,영등포구 여의도동 2-3,02-2650 -1436,Y,500.0,1000.0,5.0,10.0,36000.0,0.0,0.0,영등포구 여의도동 2-3
화재보험협회 앞 노상주차장(구),37.52080724,126.92588354,영등포구 여의도동 3-5,02-2650-1436,Y,500.0,1000.0,5.0,10.0,36000.0,0.0,0.0,영등포구 여의도동 3-5
한강쇼핑(구),37.52074816,126.97108295,용산구 이촌동 301-5,02-749-5314,Y,250.0,250.0,5.0,5.0,0.0,0.0,0.0,용산구 이촌동 301-5
효창공원2(구),37.54342198,126.95923708,용산구 효창동 255-1,02-749-5314,Y,250.0,250.0,5.0,5.0,0.0,0.0,0.0,용산구 효창동 255-1
효창공원1(구),37.5460133,126.95972728,용산구 효창동 3-151,02-749-5314,Y,250.0,250.0,5.0,5.0,0.0,0.0,0.0,용산구 효창동 3-151
경남아파트 앞 노상주차장(구),37.52440572,126.90203895,영등포구 당산동3가 56-0,02-2650-1436,Y,100.0,200.0,5.0,10.0,6000.0,0.0,0.0,영등포구 당산동3가 56-0
장충단로(한남광장) 관광버스전용 주차장(시),37.54735334,127.00265619,용산구 한남동 9-19,02-2290-6449,N,0.0,0.0,0.0,0.0,0.0,0.0,0.0,용산구 한남동 9-19
양평동(동) 공영주차장(시),37.53970236,126.8902925,영등포구 양평동5가 44-1,,Y,130.0,130.0,5.0,5.0,0.0,0.0,0.0,영등포구 양평동5가 44-1
신흥증권앞 노상주차장(구),37.52446764,126.92671566,영등포구 여의도동 2-4,02-2650-1436,Y,500.0,500.0,5.0,5.0,36000.0,0.0,0.0,영등포구 여의도동 2-4
홍우빌딩 앞 노상주차장(구),37.52089059,126.93056701,영등포구 여의도동 4-3,02-2650-1436,Y,500.0,1000.0,5.0,10.0,36000.0,0.0,0.0,영등포구 여의도동 4-3
경도상가앞 노상주차장(구),37.51990257,126.93056312,영등포구 여의도동 44-0,02-2650-1436,Y,500.0,1000.0,5.0,10.0,36000.0,0.0,0.0,영등포구 여의도동 44-0
우림시장공영주차장(구),37.59866797,127.09815684,중랑구 망우동 486-10,02-436-3598,Y,250.0,250.0,5.0,5.0,0.0,0.0,0.0,중랑구 망우동 486-10
여의서로 공영주차장(시),37.5333572,126.91579463,영등포구 여의도동 8-1,,Y,160.0,160.0,5.0,5.0,,0.0,0.0,영등포구 여의도동 8-1
태양빌딩앞 노상주차장(구),37.52025963,126.93020341,영등포구 여의도동 4-4,02-2650-1436,Y,500.0,1000.0,5.0,10.0,36000.0,0.0,0.0,영등포구 여의도동 4-4
대림역 공영주차장(시),37.49352974,126.89522815,영등포구 대림동 808-24,,Y,260.0,260.0,5.0,5.0,0.0,0.0,0.0,영등포구 대림동 808-24
연희사러가쇼핑센터앞(구),37.56851851,126.93134306,서대문구 연희동 130-12,,Y,250.0,0.0,5.0,0.0,0.0,0.0,0.0,서대문구 연희동 130-12
개포주공5단지북측(구),37.48859223,127.06805473,강남구 개포동 186-7,02-445-8879,Y,300.0,600.0,5.0,5.0,0.0,0.0,0.0,강남구 개포동 186-7
남대문시장자유상가앞 이륜차 주차장(시),37.56123147,126.97973376,중구 남대문로3가 13-3 0,02)3396-6262,N,0.0,0.0,0.0,0.0,0.0,0.0,0.0,중구 남대문로3가 13-3 0
남대문시장알파문구앞 이륜차 주차장(시),37.56045148,126.97648621,중구 남대문로4가 3-6 0,02)3396-6262,N,0.0,0.0,0.0,0.0,0.0,0.0,0.0,중구 남대문로4가 3-6 0
남대문시장연세상가앞 이륜차 주차장(시),37.55762269,126.97651591,중구 남창동 235-1 0,02)3396-6262,N,0.0,0.0,0.0,0.0,0.0,0.0,0.0,중구 남창동 235-1 0
유진상가앞(구),37.59159487,126.94370872,서대문구 홍제동 294-46,,Y,250.0,0.0,5.0,0.0,0.0,0.0,0.0,서대문구 홍제동 294-46
위례성길(방이습지)(구),37.507717,127.138402,송파구 방이동 452-4,,Y,150.0,,5.0,,,0.0,0.0,송파구 방이동 452-4
테헤란로26길(구),37.49993967,127.03594987,강남구 역삼동 803-8,,Y,400.0,800.0,5.0,5.0,30000.0,0.0,0.0,강남구 역삼동 803-8
한신동성아파트옆(구),37.64023343,127.07389382,노원구 하계동 256-7,,Y,250.0,0.0,5.0,0.0,33000.0,0.0,0.0,노원구 하계동 256-7
위례성길(구),37.51581429,127.11665543,송파구 방이동 18-0,,Y,250.0,,5.0,,,0.0,0.0,송파구 방이동 18-0
용답동거주자우선주차장(구),37.56178318,127.0592536,성동구 용답동 225-13,,Y,250.0,250.0,5.0,5.0,10000.0,0.0,0.0,성동구 용답동 225-13
남부여성발전센터 공영주차장(시),37.462917,126.905718,금천구 시흥동 139-2,1688-1054,Y,120.0,120.0,5.0,5.0,8600.0,0.0,0.0,금천구 시흥동 139-2
신방화역 공영주차장(시),37.56706812,126.81757628,강서구 마곡동 739-0,02-3405-4581,Y,170.0,170.0,5.0,5.0,12200.0,0.0,0.0,강서구 마곡동 739-0
진흥로 공영주차장(시),37.60352348,126.92127915,은평구 역촌동 41-8,,Y,200.0,200.0,5.0,5.0,,0.0,0.0,은평구 역촌동 41-8
온수역(남) 공영주차장(시),37.49169603,126.82518275,구로구 온수동 51-26,,Y,170.0,170.0,5.0,5.0,0.0,0.0,0.0,구로구 온수동 51-26
옥수역 공영주차장(시),37.54229714,127.01726347,성동구 옥수동 401-1,,Y,170.0,170.0,5.0,5.0,0.0,0.0,0.0,성동구 옥수동 401-1
돈화문로 공영주차장(시),37.565345,126.992666,중구 을지로3가 296-24,02-2274-2009,Y,750.0,750.0,5.0,5.0,0.0,0.0,0.0,중구 을지로3가 296-24
도봉로 15길 공영주차장(시),37.61693004,127.02800872,강북구 미아동 458-7,,Y,200.0,200.0,5.0,5.0,0.0,0.0,0.0,강북구 미아동 458-7
원효대교 남단 공영주차장(시),37.52237185,126.93702607,영등포구 여의도동 5-0,,Y,160.0,160.0,5.0,5.0,,0.0,0.0,영등포구 여의도동 5-0
가양라이품 공영주차장(시),37.57155732,126.84165292,강서구 가양동 1457-1,02-2290-6144,Y,170.0,170.0,5.0,5.0,12200.0,0.0,0.0,강서구 가양동 1457-1
마른내로 공영주차장(시),37.56448822,126.99924162,중구 오장동 69-3,02-2273-0006,Y,620.0,620.0,5.0,5.0,0.0,0.0,0.0,중구 오장동 69-3
영등포구청환승주차장(구),37.52462558,126.89564732,영등포구 당산동3가 370-4,02-2677-1401,Y,100.0,100.0,5.0,5.0,0.0,0.0,0.0,영등포구 당산동3가 370-4
청계천 주변(구),37.5732718,127.02777624,동대문구 신설동 94-4,,Y,500.0,0.0,10.0,0.0,0.0,0.0,0.0,동대문구 신설동 94-4
회기역주변 공영주차장(구),37.59013166,127.05782967,동대문구 휘경동 320-4,02-2247-9664~6,Y,500.0,500.0,10.0,10.0,36000.0,0.0,0.0,동대문구 휘경동 320-4
양재근린공원 공영주차장(구),37.47158991,127.04241352,서초구 양재동 311-0,02-2155-7290,Y,150.0,150.0,5.0,5.0,,0.0,0.0,서초구 양재동 311-0
창경궁로2 관광버스 주차허용 구간(시),37.57911724,126.99649608,종로구 와룡동 2-86 (홍화문~선인문),02)2133-2357,N,0.0,0.0,0.0,0.0,0.0,0.0,0.0,종로구 와룡동 2-86 (홍화문~선인문)
APM플레이스 앞 관광버스 주차허용 구간(시),37.56569,127.008555,중구 을지로7가 112-3,02)2133-2357,N,0.0,0.0,0.0,0.0,0.0,0.0,0.0,중구 을지로7가 112-3
세종대로3 관광버스 승하차 허용 구간(시),37.56339775,126.97698649,중구 태평로2가 113-1 (신협 ~ 세븐일레븐),02)2133-2357,N,0.0,0.0,0.0,0.0,0.0,0.0,0.0,중구 태평로2가 113-1 (신협 ~ 세븐일레븐)
토정로 관광버스 주차허용 구간(시),37.54528507,126.91892377,마포구 합정동 5-12,02)2133-2357,N,0.0,0.0,0.0,0.0,0.0,0.0,0.0,마포구 합정동 5-12
모래내로 관광버스 주차허용 구간(시),37.57387549,126.9237885,서대문구 남가좌동 318-11,02)2133-2357,N,0.0,0.0,0.0,0.0,0.0,0.0,0.0,서대문구 남가좌동 318-11
청계8가(북) 공영주차장(시),37.5713113,127.02581848,동대문구 신설동 109-2,02-2274-2009,Y,450.0,450.0,5.0,5.0,0.0,0.0,0.0,동대문구 신설동 109-2
여울 공영주차장(구),37.53504594,126.82414512,양천구 신월동 151-5,02-2644-1386,Y,50.0,,5.0,,0.0,0.0,0.0,양천구 신월동 151-5
보라매상업 공영주차장(시),37.49039184,126.92340595,동작구 신대방동 431-3,,Y,220.0,220.0,5.0,5.0,15800.0,0.0,0.0,동작구 신대방동 431-3
신정4동 로데오길(구),37.52789803,126.86218674,양천구 신정동 890-0,02-2695-8597,Y,150.0,300.0,5.0,10.0,9000.0,0.0,0.0,양천구 신정동 890-0
평창동 460-3(구),37.61059791,126.97483298,종로구 평창동 460-3,02-2236-0052,Y,150.0,150.0,5.0,5.0,0.0,0.0,0.0,종로구 평창동 460-3
평창동(구),37.61139335,126.97730526,종로구 평창동 114-3,02-2236-0052,Y,150.0,150.0,5.0,5.0,0.0,0.0,0.0,종로구 평창동 114-3
곰달래로5길 노상(구),37.5334275,126.83252537,양천구 신월동 126-36,02-2698-1386,Y,150.0,300.0,5.0,10.0,9000.0,0.0,0.0,양천구 신월동 126-36
세종대로1 관광버스 승하차 허용 구간(시),37.56787039,126.97685725,중구 태평로1가 60-22 (코리아나호텔 주차장 입구 ~ 시의회 앞),02)2133-2357,N,0.0,0.0,0.0,0.0,0.0,0.0,0.0,중구 태평로1가 60-22 (코리아나호텔 주차장 입구 ~ 시의회 앞)
세종대로2 관광버스 승하차 허용 구간(시),37.56606009,126.97693795,중구 정동 5-5 (정동 5-5(시청역 2번 출구 앞),02)2133-2357,N,0.0,0.0,0.0,0.0,0.0,0.0,0.0,중구 정동 5-5 (정동 5-5(시청역 2번 출구 앞)
영동6교밑 공영주차장(시),37.49429312,127.07117626,강남구 대치동 512-1,,Y,260.0,260.0,5.0,5.0,0.0,0.0,0.0,강남구 대치동 512-1
테헤란로69길 노상공영 주차장(구),37.50687927,127.05243354,강남구 삼성동 172-99,02-2176-0907,Y,400.0,400.0,5.0,5.0,0.0,0.0,0.0,강남구 삼성동 172-99
배오개길 공영주차장(시),37.56505536,126.99819351,중구 예관동 22-1,02-2274-2009,Y,680.0,680.0,5.0,5.0,,0.0,0.0,중구 예관동 22-1
영등포구청(구),37.52545775,126.89513366,영등포구 당산동3가 397-1,,Y,1200.0,1200.0,60.0,60.0,0.0,0.0,0.0,영등포구 당산동3가 397-1
15-가600구간(구),37.530428,127.123802,강동구 명일동 583-0,,Y,500.0,0.0,10.0,0.0,0.0,0.0,0.0,강동구 명일동 583-0
양평2동청사 공영(구),37.5364693,126.8938571,영등포구 양평동4가 72-1,02-2677-1401,Y,250.0,250.0,5.0,5.0,,0.0,0.0,영등포구 양평동4가 72-1
신월4동 공영주차장(시),37.525643,126.837692,양천구 신월동 411-1,02-2290-6311,Y,120.0,120.0,5.0,5.0,8600.0,0.0,0.0,양천구 신월동 411-1
한울주차장(구),37.51995355,126.83176417,양천구 신월동 957-10,,Y,50.0,50.0,5.0,5.0,,0.0,0.0,양천구 신월동 957-10
신정7동 한사랑교회 주차장(구),37.5146488,126.8603852,양천구 신정동 324-11,02-2644-1386,Y,150.0,150.0,5.0,5.0,9000.0,0.0,0.0,양천구 신정동 324-11
곰달래주차장(구),37.5295809,126.8363976,양천구 신월동 226-9,,Y,50.0,50.0,5.0,5.0,,0.0,0.0,양천구 신월동 226-9
해맞이공영주차장(구),37.51967896,126.83490721,양천구 신월동 987-0,02-2644-1386,Y,50.0,50.0,5.0,5.0,,0.0,0.0,양천구 신월동 987-0
가로공원공영주차장(구),37.5363308,126.8322604,양천구 신월동 263-0,02-2065-8333,Y,150.0,150.0,5.0,5.0,,0.0,0.0,양천구 신월동 263-0
신정교주차장(구),37.5171996,126.8779641,양천구 신정동 871-3,,N,0.0,0.0,0.0,0.0,0.0,0.0,0.0,양천구 신정동 871-3
거주자노외주차장(구),37.55325753,127.06845194,성동구 송정동 72-242,,Y,0.0,0.0,0.0,0.0,0.0,0.0,0.0,성동구 송정동 72-242
용답 어울림 공영주차장(구),37.56371143,127.05134895,성동구 용답동 53-5,02-2204-7970,Y,100.0,100.0,5.0,5.0,,0.0,0.0,성동구 용답동 53-5
하왕십리(건물) 공영주차장(구),37.560316,127.027944,성동구 행당동 347-3,02-2204-7970,Y,100.0,100.0,5.0,5.0,,0.0,0.0,성동구 행당동 347-3
03-04-135(구),37.544464,126.9736,용산구 남영동 46-3 ,,Y,0.0,0.0,0.0,0.0,0.0,0.0,0.0,용산구 남영동 46-3 
03-02-186(구),37.542377,126.974127,용산구 남영동 103-3,,Y,0.0,0.0,0.0,0.0,0.0,0.0,0.0,용산구 남영동 103-3
삼각지고가밑 공영주차장(시),37.53710976,126.9693456,용산구 문배동 12-1,,Y,250.0,250.0,5.0,5.0,0.0,0.0,0.0,용산구 문배동 12-1
압구정29길 노상공영 주차장(구),37.5306749705882,127.027667382353,강남구 압구정동 453-0,02-2176-0907,Y,200.0,200.0,5.0,5.0,0.0,0.0,0.0,강남구 압구정동 453-0
강남대로150길(구),37.515837,127.020586,강남구 논현동 280-1,02-1544-3113,Y,400.0,800.0,5.0,5.0,,0.0,0.0,강남구 논현동 280-1
공유) 03-14(구),37.5649,127.03175,성동구 도선동 338-0,02-2204-7970,Y,900.0,900.0,30.0,30.0,10000.0,0.0,0.0,성동구 도선동 338-0
공유) 03-06(구),37.56529,127.0348,성동구 홍익동 364-0,02-2204-7970,Y,900.0,900.0,30.0,30.0,10000.0,0.0,0.0,성동구 홍익동 364-0
공유) 02-06(구),37.56004857,127.0278643,성동구 하왕십리동 1018-7,02-2204-7970,Y,900.0,900.0,30.0,30.0,10000.0,0.0,0.0,성동구 하왕십리동 1018-7
공유) 04-15(구),37.56737,127.0438702,성동구 마장동 772-2,02-2204-7970,Y,900.0,900.0,30.0,30.0,10000.0,0.0,0.0,성동구 마장동 772-2
공유) 03-10(구),37.56728,127.03103,성동구 홍익동 429-0,02-2204-7970,Y,900.0,900.0,30.0,30.0,10000.0,0.0,0.0,성동구 홍익동 429-0
공유) 02-10(구),37.559845,127.0293517,성동구 행당동 325-6,02-2204-7970,Y,900.0,900.0,30.0,30.0,10000.0,0.0,0.0,성동구 행당동 325-6
공유) 04-18(구),37.56469,127.04367,성동구 마장동 790-1,02-2204-7970,Y,900.0,900.0,30.0,30.0,10000.0,0.0,0.0,성동구 마장동 790-1
공유) 03-01(구),37.56783,127.03092,성동구 홍익동 437-0,02-2204-7970,Y,900.0,900.0,30.0,30.0,10000.0,0.0,0.0,성동구 홍익동 437-0
공유) 03-07(구),37.56488,127.03303,성동구 도선동 414-0,02-2204-7970,Y,900.0,900.0,30.0,30.0,10000.0,0.0,0.0,성동구 도선동 414-0
공유) 04-02(구),37.57043,127.03394,성동구 마장동 456-3,02-2204-7970,Y,900.0,900.0,30.0,30.0,10000.0,0.0,0.0,성동구 마장동 456-3
공유) 04-19(구),37.566210905,127.04412281,성동구 마장동 792-0,02-2204-7970,Y,900.0,900.0,30.0,30.0,10000.0,0.0,0.0,성동구 마장동 792-0
공유) 04-01(구),37.56952,127.03275,성동구 하왕십리동 258-0,02-2204-7970,Y,900.0,900.0,30.0,30.0,10000.0,0.0,0.0,성동구 하왕십리동 258-0
공유) 04-04(구),37.57091358,127.03453123,성동구 마장동 460-22,02-2204-7970,Y,900.0,900.0,30.0,30.0,10000.0,0.0,0.0,성동구 마장동 460-22
공유) 04-17(구),37.568405,127.0455192,성동구 마장동 767-62,02-2204-7970,Y,900.0,900.0,30.0,30.0,10000.0,0.0,0.0,성동구 마장동 767-62
공유) 04-16(구),37.57008,127.0434617,성동구 마장동 768-2 마장로 39나길,02-2204-7970,Y,900.0,900.0,30.0,30.0,10000.0,0.0,0.0,성동구 마장동 768-2 마장로 39나길
공유) 02-08(구),37.56205,127.03303,성동구 하왕십리동 970-71,02-2204-7970,Y,900.0,900.0,30.0,30.0,10000.0,0.0,0.0,성동구 하왕십리동 970-71
공유) 04-12(구),37.568247634,127.03853309,성동구 마장동 514-2,02-2204-7970,Y,900.0,900.0,30.0,30.0,10000.0,0.0,0.0,성동구 마장동 514-2
공유) 04-14(구),37.56655107,127.04300701,성동구 마장동 769-3,02-2204-7970,Y,900.0,900.0,30.0,30.0,10000.0,0.0,0.0,성동구 마장동 769-3
공유) 02-07(구),37.56057,127.03071,성동구 하왕십리동 978-2,02-2204-7970,Y,900.0,900.0,30.0,30.0,10000.0,0.0,0.0,성동구 하왕십리동 978-2
공유)  성동 06-23(구),37.55268419,127.037979,성동구 행당동 381-6,,Y,100.0,0.0,5.0,0.0,0.0,0.0,0.0,성동구 행당동 381-6
세종로 공영주차장(시),37.57340269,126.97588429,종로구 세종로 80-1,02-2290-6566,Y,430.0,430.0,5.0,5.0,30900.0,0.0,0.0,종로구 세종로 80-1
종묘주차장 공영주차장(시),37.57150398,126.99496888,종로구 훈정동 2-0,02-2290-6166,Y,400.0,400.0,5.0,5.0,28800.0,0.0,0.0,종로구 훈정동 2-0
거주자우선(IOT공유)(구),37.4938252,126.9180918,영등포구 대림동 736-3 ,,Y,1200.0,0.0,60.0,0.0,0.0,0.0,0.0,영등포구 대림동 736-3 
훈련원공원 공영주차장(시),37.56740014,127.00352062,중구 을지로5가 40-3,02-3405-4597,Y,550.0,550.0,5.0,5.0,39600.0,0.0,0.0,중구 을지로5가 40-3
초동 공영주차장(구),37.56416856,126.99213555,중구 초동 64-11,02-2261-8360,Y,400.0,400.0,5.0,5.0,0.0,0.0,0.0,중구 초동 64-11
청구 공영주차장(구),37.55897429,127.01340538,중구 신당동 330-17,02-2280-8368,Y,250.0,250.0,5.0,5.0,0.0,0.0,0.0,중구 신당동 330-17
충현 공영주차장(구),37.55220869,127.00568111,중구 신당동 432-462,02-2280-8360,Y,150.0,150.0,5.0,5.0,0.0,0.0,0.0,중구 신당동 432-462
약수동 공영주차장(구),37.55222214,127.01335763,중구 신당동 349-234,02-2280-8368,Y,150.0,150.0,5.0,5.0,0.0,0.0,0.0,중구 신당동 349-234
신창공영주차장(구),37.5353106,126.95521319,용산구 신창동 53-1,02-711-1924,Y,150.0,150.0,5.0,5.0,0.0,0.0,0.0,용산구 신창동 53-1
용문동 공영주차장(구),37.53894931,126.95756768,용산구 도원동 4-5,02-749-5314,Y,150.0,150.0,5.0,5.0,0.0,0.0,0.0,용산구 도원동 4-5
용산전자상가3(구),37.53258192,126.9603249,용산구 한강로3가 19-2,02-707-3195,Y,250.0,250.0,5.0,5.0,,0.0,0.0,용산구 한강로3가 19-2
한남유수지공영주차장(구),37.5298673,127.00740065,용산구 한남동 522-44,02-749-9631,Y,150.0,150.0,5.0,5.0,0.0,0.0,0.0,용산구 한남동 522-44
한강진역 공영주차장(시),37.53952176,127.00257963,용산구 한남동 728-27,02-795-6406,Y,400.0,400.0,5.0,5.0,28800.0,0.0,0.0,용산구 한남동 728-27
용산주차빌딩 공영주차장(시),37.53436379,126.96541818,용산구 한강로2가 12-9,02-2290-6014,Y,300.0,300.0,5.0,5.0,21600.0,0.0,0.0,용산구 한강로2가 12-9
용산2가소월주차장(구),37.54621474,126.98558224,용산구 용산동2가 11-0,02-749-5314,Y,150.0,150.0,5.0,5.0,0.0,0.0,0.0,용산구 용산동2가 11-0
홍익동(건물) 공영주차장(구),37.5656391,127.03390496,성동구 홍익동 252-0,02-2204-7970,Y,100.0,100.0,5.0,5.0,,0.0,0.0,성동구 홍익동 252-0
강변(건물) 공영주차장(구),37.53696583,127.04904251,성동구 성수동1가 366-1,02-2204-7970,Y,100.0,100.0,5.0,5.0,,0.0,0.0,성동구 성수동1가 366-1
용답동(건물) 공영주차장(구),37.56458022,127.05432169,성동구 용답동 4-1,02-2204-7970,Y,100.0,100.0,5.0,5.0,,0.0,0.0,성동구 용답동 4-1
청량리동 노외주차장(구),37.58404715,127.04901881,동대문구 청량리동 51-4,02-2247-9664~6,Y,1000.0,0.0,60.0,0.0,10000.0,0.0,0.0,동대문구 청량리동 51-4
회기동 공영주차장(구),37.59208429,127.0554514,동대문구 회기동 1-1,02-2247-9664~6,Y,1000.0,0.0,60.0,0.0,10000.0,0.0,0.0,동대문구 회기동 1-1
청량리동 공영주차장(구),37.58544944,127.04455223,동대문구 청량리동 435-0,02-2247-9664~6,Y,1000.0,0.0,60.0,0.0,10000.0,0.0,0.0,동대문구 청량리동 435-0
원묵 고등학교 공용 지하주차장(구),37.61542338,127.08604938,중랑구 묵동 23-0,,Y,50.0,50.0,5.0,5.0,0.0,0.0,0.0,중랑구 묵동 23-0
봉화산역(남) 공영주차장(시),37.61642995,127.09197194,중랑구 신내동 647-0,,Y,80.0,80.0,5.0,5.0,5700.0,0.0,0.0,중랑구 신내동 647-0
오패산공영주차장(구),37.6221541,127.03114725,강북구 미아동 133-100,,Y,150.0,150.0,5.0,5.0,10000.0,0.0,0.0,강북구 미아동 133-100
우이동 공영주차장(시),37.65671789,127.01163698,강북구 우이동 105-2,02-944-3044,N,,,,,80000.0,0.0,0.0,강북구 우이동 105-2
역말 공영주차장(구),37.607564,126.916549,은평구 역촌동 12-42,02-350-5183,Y,0.0,0.0,0.0,0.0,0.0,0.0,0.0,은평구 역촌동 12-42
갈현1동공영주차장(구),37.62648828,126.91533796,은평구 갈현동 9-112,02-357-5947,Y,100.0,100.0,5.0,5.0,0.0,0.0,0.0,은평구 갈현동 9-112
마포유수지(시),37.53890027,126.94266859,마포구 마포동 36-1,02-2290-6093,Y,220.0,220.0,5.0,5.0,15800.0,,,마포구 마포동 36-1
염리 공영주차장(구),37.54199792,126.94523726,마포구 염리동 174-3,02-300-5052,Y,250.0,250.0,5.0,5.0,0.0,0.0,0.0,마포구 염리동 174-3
한두공영주차장(구),37.54876937,126.86622879,양천구 목동 610-5,02-2652-2637,Y,50.0,50.0,5.0,5.0,0.0,0.0,0.0,양천구 목동 610-5
웃우물 공영주차장(시),37.52379759,126.85141746,양천구 신정동 943-25,02-2290-6311,Y,220.0,220.0,5.0,5.0,15800.0,0.0,0.0,양천구 신정동 943-25
목동체비지 공영주차장(시),37.53679354,126.8806468,양천구 목동 908-26,,Y,130.0,130.0,5.0,5.0,9300.0,0.0,0.0,양천구 목동 908-26
방화역(서) 공영주차장(시),37.57757395,126.81217459,강서구 방화동 829-1,,Y,170.0,170.0,5.0,5.0,12200.0,0.0,0.0,강서구 방화동 829-1
방화역(동) 공영주차장(시),37.57730116,126.81331479,강서구 방화동 830-4,,Y,170.0,170.0,5.0,5.0,12200.0,0.0,0.0,강서구 방화동 830-4
개화산역 공영주차장(시),37.57224302,126.80518976,강서구 방화동 845-0,02-2290-6064,Y,170.0,170.0,5.0,5.0,12200.0,0.0,0.0,강서구 방화동 845-0
가양3동 공영주차장(시),37.56033753,126.85977547,강서구 가양동 1488-12,,Y,200.0,200.0,5.0,5.0,14400.0,0.0,0.0,강서구 가양동 1488-12
화곡6-1 공영주차장(구),37.55298682,126.84843416,강서구 화곡동 1103-6,02-2607-9113,Y,100.0,100.0,10.0,10.0,5000.0,0.0,0.0,강서구 화곡동 1103-6
영보빌딩 공영주차장(시),37.56332959,126.85308175,강서구 가양동 1480-10,,Y,260.0,260.0,5.0,5.0,18700.0,0.0,0.0,강서구 가양동 1480-10
효봉공영주차장(구),37.46077721,126.91096477,금천구 시흥동 3-129,,Y,65.0,65.0,5.0,5.0,,0.0,0.0,금천구 시흥동 3-129
고척1동마을공동주차장(구),37.50228329,126.86393268,구로구 고척동 52-54,02-839-4875,Y,100.0,100.0,5.0,5.0,0.0,0.0,0.0,구로구 고척동 52-54
영등포본동제1공영(구),37.51440196,126.90917949,영등포구 영등포동 592-10,02-2677-1401,Y,100.0,100.0,5.0,5.0,0.0,0.0,0.0,영등포구 영등포동 592-10
가산동공영주차장(구),37.47666086,126.89557749,금천구 가산동 148-28,02-809-0061,Y,65.0,65.0,5.0,5.0,0.0,0.0,0.0,금천구 가산동 148-28
견인보관소 노외(구),37.48299347,126.87581985,금천구 가산동 614-34,02-854-5273,Y,300.0,0.0,10.0,0.0,9000.0,0.0,0.0,금천구 가산동 614-34
영등포동제2공영(구),37.523784,126.90858163,영등포구 영등포동7가 29-122,02-2634-1308,Y,100.0,100.0,5.0,5.0,0.0,0.0,0.0,영등포구 영등포동7가 29-122
양재주차빌딩(구),37.47860952,127.04136907,서초구 양재동 90-2,02-577-2225,Y,300.0,300.0,10.0,10.0,0.0,0.0,0.0,서초구 양재동 90-2
일원역 공영주차장(시),37.48468629,127.08408987,강남구 일원동 716-2,,Y,170.0,170.0,5.0,5.0,12200.0,0.0,0.0,강남구 일원동 716-2
탄천 공영주차장(구),37.508712,127.068195,강남구 대치동 78-25,02-2176-0901,Y,100.0,,5.0,,,0.0,0.0,강남구 대치동 78-25
사당노외 공영주차장(시),37.47543791,126.98377372,서초구 방배동 507-1,02-3405-4078,Y,400.0,400.0,5.0,5.0,28800.0,0.0,0.0,서초구 방배동 507-1
개포동공원 공영주차장(구),37.48949036,127.06623841,강남구 개포동 183-2,02-2176-0916,Y,200.0,200.0,5.0,5.0,,0.0,0.0,강남구 개포동 183-2
언남문화체육센터 공영주차장(구),37.47217874,127.04431809,서초구 양재동 309-0,02-577-7718,Y,300.0,300.0,10.0,10.0,20000.0,0.0,0.0,서초구 양재동 309-0
강남치매지원센터 공영주차장(구),37.5102479,127.04645828,강남구 삼성동 113-26,02-552-7849,Y,400.0,400.0,5.0,5.0,,0.0,0.0,강남구 삼성동 113-26
수서역북 공영주차장(시),37.48801285,127.09994995,강남구 수서동 735-0,02-3405-4076,Y,320.0,320.0,5.0,5.0,23000.0,0.0,0.0,강남구 수서동 735-0
언구비 공영주차장(구),37.50474149,127.02098179,서초구 반포동 741-3,02-2155-7287,Y,300.0,300.0,10.0,10.0,0.0,0.0,0.0,서초구 반포동 741-3
신천유수지 공영주차장(시),37.52231457,127.10290327,송파구 신천동 14-0,02-414-6417,Y,260.0,260.0,5.0,5.0,18700.0,0.0,0.0,송파구 신천동 14-0
복정역 공영주차장(시),37.47005293,127.1277329,송파구 장지동 600-2,02-3405-4075,Y,170.0,170.0,5.0,5.0,12200.0,0.0,0.0,송파구 장지동 600-2
아시아공원(구),37.5102769,127.078388,송파구 잠실동 84-0,02-415-7734,Y,250.0,,5.0,,,0.0,0.0,송파구 잠실동 84-0
가락 1공영주차장(구),37.49442481,127.11884506,송파구 가락동 98-1,02-430-1580,Y,250.0,250.0,5.0,5.0,,0.0,0.0,송파구 가락동 98-1
남산한옥마을 공영주차장(시),37.56005799,126.99316078,중구 필동2가 83-1,,Y,430.0,430.0,5.0,5.0,30900.0,860.0,,중구 필동2가 83-1
도봉산 공영주차장(시),37.6876442,127.04066026,도봉구 도봉동 282-26,,Y,170.0,170.0,5.0,5.0,12200.0,0.0,0.0,도봉구 도봉동 282-26
볕우물 공영주차장(시),37.55237413,127.13512275,강동구 암사동 473-3,02-2290-6410,Y,130.0,130.0,5.0,5.0,9300.0,0.0,0.0,강동구 암사동 473-3
필동 공영주차장(구),37.55660191,126.99589418,중구 필동3가 62-12,02-2280-8368,Y,150.0,150.0,5.0,5.0,0.0,0.0,0.0,중구 필동3가 62-12
천호역 공영주차장(시),37.53849749,127.12512853,강동구 천호동 455-0,02-2290-6201,Y,260.0,260.0,5.0,5.0,18700.0,0.0,0.0,강동구 천호동 455-0
안말 주차장(구),37.531248,127.129855,강동구 성내동 512-0,02-482-3194,Y,150.0,150.0,5.0,5.0,,0.0,0.0,강동구 성내동 512-0
가락 2공영주차장(구),37.49483782,127.11962395,송파구 가락동 80-2,02-401-1580,Y,250.0,250.0,5.0,5.0,,0.0,0.0,송파구 가락동 80-2
거여동(기계식)(구),37.49227702,127.15038338,송파구 거여동 33-16,02-430-4819,Y,50.0,,5.0,,,0.0,0.0,송파구 거여동 33-16
풍납2(구),37.53604678,127.11607498,송파구 풍납동 175-0,,Y,50.0,,5.0,,,0.0,0.0,송파구 풍납동 175-0
풍납1(구),37.53551936,127.12029156,송파구 풍납동 154-0,,Y,50.0,,5.0,,,0.0,0.0,송파구 풍납동 154-0
테헤란로78길노상(구),37.505742,127.05538,강남구 대치동 1011-6 포스코 센터 옆길,02-2176-0907,Y,800.0,400.0,10.0,5.0,48000.0,0.0,0.0,강남구 대치동 1011-6 포스코 센터 옆길
영동대로86길노상(구),37.508157,127.065644,강남구 대치동 1012-8,02-2176-0907,Y,800.0,400.0,10.0,5.0,48000.0,0.0,0.0,강남구 대치동 1012-8
남산소파길 공영주차장(시),37.55695635,126.98590133,중구 예장동 8-172,,Y,250.0,250.0,5.0,5.0,0.0,0.0,0.0,중구 예장동 8-172
공유) 03-15(구),37.566559577,127.03331351,성동구 홍익동 101-2,02-2204-7970,Y,900.0,900.0,30.0,30.0,10000.0,0.0,0.0,성동구 홍익동 101-2
공유) 03-20(구),37.564189907,127.03543305,성동구 도선동 12-1,02-2204-7970,Y,900.0,900.0,30.0,30.0,10000.0,0.0,0.0,성동구 도선동 12-1
남산예장 관광버스전용 주차장(시),37.559821,126.989076,중구 예장동 4-1,02-2290-7227,Y,6000.0,500.0,120.0,5.0,0.0,6000.0,500.0,중구 예장동 4-1
장안1동 공영주차장(시),37.56941,127.066994,동대문구 장안동 392-3,02-3405-4598,Y,130.0,130.0,5.0,5.0,9300.0,0.0,0.0,동대문구 장안동 392-3
면목유수지 공영주차장(시),37.579494,127.081451,중랑구 면목동 168-2,,Y,100.0,100.0,5.0,5.0,0.0,0.0,0.0,중랑구 면목동 168-2
훈련원공원 앞 관광버스 전용 주차장(시),37.566858,127.003745,중구 을지로5가 40-2,,N,0.0,0.0,0.0,0.0,0.0,0.0,0.0,중구 을지로5가 40-2
DDP 유어스빌딩 앞 관광버스 주차허용 구간(시),37.56785,127.0117,중구 신당동 204-92,,N,0.0,0.0,0.0,0.0,0.0,0.0,0.0,중구 신당동 204-92
성촌공원 남측 관광버스 주차허용 구간(시),37.53056542,126.9539125,용산구 이촌동 173-1,,N,,,,,,,,용산구 이촌동 173-1
성암로 관광버스 주차허용 구간(시),37.581002,126.892587,마포구 상암동 1695-0,,N,0.0,0.0,0.0,0.0,0.0,0.0,0.0,마포구 상암동 1695-0
이태원 입구 관광버스 승하차 허용 구간(시),37.534136392,126.9892919,용산구 이태원동 56-4,,N,,,,,,,,용산구 이태원동 56-4
신세계면세점 명동점 앞 관광버스 승하차 허용 구간(시),37.56011521,126.9814121,중구 충무로1가 52-47 (신세계면세점 명동점 옆),,N,,,,,,,,중구 충무로1가 52-47 (신세계면세점 명동점 옆)
옥수유수지(평면) 공영주차장(구),37.541363,127.018293,성동구 옥수동 77-3,02-2204-7970,Y,150.0,150.0,5.0,5.0,0.0,0.0,0.0,성동구 옥수동 77-3
공유) 04-03(구),37.5715,127.03612,성동구 마장동 450-65,02-2204-7970,Y,900.0,900.0,30.0,30.0,10000.0,0.0,0.0,성동구 마장동 450-65
거여동 거주자상생주차장(구),37.493986,127.146035,송파구 거여동 41-4,02-2147-3190,Y,0.0,0.0,0.0,0.0,0.0,0.0,0.0,송파구 거여동 41-4
갈산 거주자우선주차장(구),37.510638,126.870335,양천구 신정동 1325-4,,Y,0.0,0.0,0.0,0.0,0.0,0.0,0.0,양천구 신정동 1325-4
효자로 관광버스 주차허용 구간(시),37.58381667,126.97205,종로구 궁정동 15-0 (청운효자동 주민센터 ~ 무궁화동산 앞),02-2133-2357,N,0.0,0.0,0.0,0.0,0.0,0.0,0.0,종로구 궁정동 15-0 (청운효자동 주민센터 ~ 무궁화동산 앞)
여의도공원 공영주차장(시),37.522347,126.917013,영등포구 여의도동 2-11,,Y,300.0,300.0,5.0,5.0,0.0,0.0,0.0,영등포구 여의도동 2-11
공유) 04-19구역(구),37.47408,126.906166,금천구 독산동 997-22,02-809-0061,Y,100.0,,5.0,,,0.0,0.0,금천구 독산동 997-22
공유) 01-63구역(구),37.475784,126.89387,금천구 가산동 147-48,02-809-0061,Y,100.0,,5.0,,,0.0,0.0,금천구 가산동 147-48
공유) 03-28구역(구),37.466618,126.90386,금천구 독산동 1040-0 ,02-809-0061,Y,100.0,,5.0,,,0.0,0.0,금천구 독산동 1040-0 
공유) 03-23구역(구),37.466354,126.90319,금천구 독산동 376-11,02-809-0061,Y,100.0,,5.0,,,0.0,0.0,금천구 독산동 376-11
청계산근린광장(구),37.44556,127.05713,서초구 원지동 361-1,02-577-1055,Y,200.0,200.0,10.0,10.0,,0.0,0.0,서초구 원지동 361-1
공유) 04-14구역(구),37.477478,126.91016,금천구 독산동 906-16,02-809-0061,Y,100.0,0.0,5.0,0.0,0.0,0.0,0.0,금천구 독산동 906-16
유료주차장(시),37.543273,127.059651,성동구 성수동2가 273-15,,Y,500.0,,10.0,,,0.0,0.0,성동구 성수동2가 273-15
하왕십리동286-138 노상주차장(구),37.569658,127.029351,성동구 하왕십리동 286-138 ,,Y,250.0,250.0,5.0,5.0,,,,성동구 하왕십리동 286-138 
청계산 청룡주차장(구),37.44656,127.05988,서초구 신원동 224-3,,Y,200.0,200.0,10.0,10.0,3000.0,0.0,0.0,서초구 신원동 224-3
개봉1동마을공동주차장(구),37.505479,126.844969,구로구 개봉동 416-2,,Y,50.0,50.0,5.0,5.0,,0.0,0.0,구로구 개봉동 416-2
공유) 02-33구역(구),37.454075,126.88924,금천구 독산동 1126-1,02-809-0061,Y,100.0,,5.0,,,0.0,0.0,금천구 독산동 1126-1
공유) 02-12구역(구),37.46981,126.89363,금천구 독산동 300-22 ,02-809-0061,Y,100.0,,5.0,,,0.0,0.0,금천구 독산동 300-22 
공유) 03-27구역(구),37.46522,126.90528,금천구 독산동 380-18,02-809-0061,Y,100.0,,5.0,,,0.0,0.0,금천구 독산동 380-18
공유) 03-21구역(구),37.465885,126.898865,금천구 독산동 1082-40,02-809-0061,Y,100.0,,5.0,,,0.0,0.0,금천구 독산동 1082-40
공유) 02-50구역(구),37.469574,126.89372,금천구 독산동 300-22 ,02-809-0061,Y,100.0,,5.0,,,0.0,0.0,금천구 독산동 300-22 
공유) 04-10구역(구),37.478596,126.9045,금천구 독산동 961-13 ,02-809-0061,Y,100.0,0.0,5.0,0.0,0.0,0.0,0.0,금천구 독산동 961-13 
공유) 04-01구역(구),37.479282,126.90441,금천구 독산동 997-0,02-809-0061,Y,100.0,,5.0,,,0.0,0.0,금천구 독산동 997-0
공유) 04-09구역(구),37.479153,126.90463,금천구 독산동 878-1 ,02-809-0061,Y,100.0,,5.0,,,0.0,0.0,금천구 독산동 878-1 
공유) 03-12구역(구),37.4643643,126.8989056,금천구 독산동 1082-42,02-809-0061,Y,100.0,,5.0,,,0.0,0.0,금천구 독산동 1082-42
공유) 01-51구역(구),37.484303,126.88307,금천구 가산동 2-240,02-809-0061,Y,100.0,,5.0,,,0.0,0.0,금천구 가산동 2-240
공유) 02-03구역(구),37.47507,126.8977,금천구 독산동 144-82,02-809-0061,Y,100.0,0.0,5.0,0.0,,0.0,0.0,금천구 독산동 144-82
공유) 04-13구역(구),37.47686,126.90484,금천구 독산동 885-7,02-809-0061,Y,100.0,0.0,5.0,0.0,0.0,0.0,0.0,금천구 독산동 885-7
공유) 03-20구역(구),37.46537,126.9012,금천구 독산동 1082-40,02-809-0061,Y,100.0,,5.0,,,0.0,0.0,금천구 독산동 1082-40
마장동 공영주차장(시),37.569221,127.034775,성동구 마장동 459-6,02-2290-6449,Y,120.0,120.0,5.0,5.0,0.0,0.0,0.0,성동구 마장동 459-6
홍제견인보관소(구),37.590652,126.940735,서대문구 홍제동 294-84,,Y,3000.0,1500.0,60.0,30.0,,0.0,0.0,서대문구 홍제동 294-84
쌍문2동 2공영주차장(구),37.653237,127.033561,도봉구 쌍문동 81-102,029015100,Y,0.0,0.0,0.0,0.0,0.0,0.0,0.0,도봉구 쌍문동 81-102
간송옛집  공영주차장(구),37.665246,127.027521,도봉구 방학동 58-10,02-2091-4215,Y,0.0,0.0,0.0,0.0,0.0,0.0,0.0,도봉구 방학동 58-10
유진상가/인왕시장 앞(구),37.591642,126.944057,서대문구 홍제동 294-46 ,,Y,250.0,250.0,5.0,5.0,,,,서대문구 홍제동 294-46 
초안산꽃동산공영주차장(구),37.642485,127.041783,도봉구 창동 441-5,,Y,100.0,100.0,5.0,5.0,,0.0,0.0,도봉구 창동 441-5
연남노상공영주차장(구),37.563607,126.925897,마포구 연남동 224-36 ,,Y,250.0,250.0,5.0,5.0,,0.0,0.0,마포구 연남동 224-36 
쌍문2동 5공영주차장(구),37.660061,127.040884,도봉구 쌍문동 715-2,02-2091-4215,Y,0.0,100.0,0.0,5.0,,0.0,0.0,도봉구 쌍문동 715-2
양평유수지 공영주차장(구),37.5276,126.890271,영등포구 양평동3가 57-3,02-2676-3651,Y,1500.0,500.0,30.0,10.0,16500.0,0.0,0.0,영등포구 양평동3가 57-3
공유) 02-05구역(구),37.47409,126.89533,금천구 독산동 147-39 ,02-809-0061,Y,100.0,,5.0,,,0.0,0.0,금천구 독산동 147-39 
공유) 02-07구역(구),37.47423,126.89761,금천구 독산동 150-20 ,02-809-0061,Y,100.0,,5.0,,,0.0,0.0,금천구 독산동 150-20 
공유) 02-06구역(구),37.47228,126.89742,금천구 독산동 152-13 ,02-809-0061,Y,100.0,,5.0,,,0.0,0.0,금천구 독산동 152-13 
공유) 01-52구역(구),37.484478,126.88164,금천구 가산동 34-91,02-809-0061,Y,100.0,0.0,5.0,0.0,0.0,0.0,0.0,금천구 가산동 34-91
화곡5-1 공영주차장(구),37.543908,126.839717,강서구 화곡동 1030-33,02-2600-4250,Y,50.0,50.0,5.0,5.0,2000.0,0.0,0.0,강서구 화곡동 1030-33
화곡5-2 공영주차장(구),37.544231,126.840749,강서구 화곡동 1056-2,02-2604-8688,Y,50.0,50.0,5.0,5.0,2000.0,0.0,0.0,강서구 화곡동 1056-2
화곡7-1 공영주차장(구),37.536029,126.839151,강서구 화곡동 370-63,02-2699-8671,Y,50.0,300.0,5.0,30.0,6000.0,0.0,0.0,강서구 화곡동 370-63
화곡1-1 공영주차장(구),37.531425,126.839888,강서구 화곡동 424-94,02-2699-3993,Y,50.0,50.0,5.0,5.0,2000.0,0.0,0.0,강서구 화곡동 424-94
화곡8-2 공영주차장(구),37.537733,126.850353,강서구 화곡동 410-4,02-2607-1571,Y,50.0,50.0,5.0,5.0,2000.0,0.0,0.0,강서구 화곡동 410-4
화곡2-1 공영주차장(구),37.536046,126.852451,강서구 화곡동 167-10,02-2607-1419,Y,50.0,50.0,5.0,5.0,2000.0,0.0,0.0,강서구 화곡동 167-10
화곡본-2 공영주차장(구),37.544304,126.848442,강서구 화곡동 46-127,02-2607-1570,Y,600.0,50.0,60.0,5.0,2000.0,0.0,0.0,강서구 화곡동 46-127
난지중앙로노상공영주차장(시),37.568052,126.879504,마포구 상암동 481-94 ,,Y,150.0,150.0,5.0,5.0,,0.0,0.0,마포구 상암동 481-94 
화곡 8-1 공영주차장(구),37.538518,126.848922,강서구 화곡동 410-60,02-2608-1572,Y,50.0,50.0,5.0,5.0,2000.0,0.0,0.0,강서구 화곡동 410-60
양천사회단체봉사센터 공영주차장(구),37.531871,126.875505,양천구 목동 905-29,02-2644-1386,Y,150.0,0.0,5.0,0.0,,0.0,0.0,양천구 목동 905-29
한서 공영주차장(구),37.552856,126.949343,마포구 염리동 24-170,02-300-5046,Y,1000.0,500.0,60.0,30.0,,0.0,0.0,마포구 염리동 24-170
어울림소공원 공영주차장(구),37.616735,127.035341,강북구 미아동 4-1,02-944-3025,Y,200.0,200.0,5.0,5.0,10000.0,0.0,0.0,강북구 미아동 4-1
우리공영주차장(구),37.536614,126.879181,양천구 목동 907-8,,Y,150.0,0.0,5.0,0.0,0.0,0.0,0.0,양천구 목동 907-8
고척리본타운(구),37.505136,126.857448,구로구 고척동 156-0,,Y,150.0,,5.0,,,0.0,0.0,구로구 고척동 156-0
휘경유수지(구),37.58988,127.069266,동대문구 휘경동 7-18,,Y,500.0,,10.0,,,0.0,0.0,동대문구 휘경동 7-18
화곡본-1 공영주차장(구),37.539753,126.849814,강서구 화곡동 56-127,02-2600-4250,Y,50.0,50.0,5.0,5.0,2000.0,0.0,0.0,강서구 화곡동 56-127
합정노상공영주차장(구),37.5485222,126.9185341,마포구 서교동 394-22,,Y,500.0,500.0,5.0,5.0,0.0,0.0,0.0,마포구 서교동 394-22
공유) 04-06구역(구),37.478676,126.90652,금천구 독산동 903-33 ,02-809-0061,Y,100.0,,5.0,,,0.0,0.0,금천구 독산동 903-33 
화양동공영주차장(시),37.545259,127.071212,광진구 화양동 63-2,02-469-2939,Y,200.0,200.0,5.0,5.0,0.0,0.0,0.0,광진구 화양동 63-2
신촌노외 공영주차장(구),37.553711,126.934128,마포구 노고산동 49-64,02-300-5046,Y,400.0,400.0,5.0,5.0,0.0,0.0,0.0,마포구 노고산동 49-64
효자공영주차장(구),37.583721,126.971306,종로구 효자동 68-1,,Y,250.0,0.0,5.0,0.0,0.0,0.0,0.0,종로구 효자동 68-1
홍은1동 제4공영주차장(구),37.601417,126.94895,서대문구 홍은동 11-23,,Y,250.0,250.0,5.0,5.0,,0.0,0.0,서대문구 홍은동 11-23
신촌노상 공영주차장(구),37.554656,126.934602,마포구 노고산동 49-48,,Y,500.0,500.0,5.0,5.0,0.0,0.0,0.0,마포구 노고산동 49-48
경동고등학교(구),37.585803,127.014961,성북구 삼선동3가 43-1,,Y,150.0,150.0,5.0,5.0,10000.0,0.0,0.0,성북구 삼선동3가 43-1
공유) 03-26구역(구),37.46438,126.90606,금천구 독산동 378-194,02-809-0061,Y,100.0,,5.0,,,0.0,0.0,금천구 독산동 378-194
공유) 04-18구역(구),37.475204,126.90433,금천구 독산동 234-54 ,02-809-0061,Y,100.0,,5.0,,,0.0,0.0,금천구 독산동 234-54 
반포한강공원  반포2주차장(시),37.509875,126.996244,서초구 반포동 115-5,,Y,1000.0,200.0,30.0,10.0,,0.0,0.0,서초구 반포동 115-5
가재울 공영주차장(구),37.637358,127.07334,노원구 하계동 252-6,,Y,150.0,150.0,5.0,5.0,11000.0,0.0,0.0,노원구 하계동 252-6
성균관 유림회관(시),37.585936,126.997951,종로구 명륜3가 53-0,,Y,1500.0,,30.0,,,0.0,0.0,종로구 명륜3가 53-0
청기와노상공영주차장(구),37.5574664,126.9138605,마포구 서교동 458-12,,Y,250.0,250.0,5.0,5.0,,0.0,0.0,마포구 서교동 458-12
공유) 02-38구역(구),37.452255,126.89234,금천구 독산동 1130-0 ,02-809-0061,Y,100.0,,5.0,,,0.0,0.0,금천구 독산동 1130-0 
공유) 03-25구역(구),37.46392,126.904594,금천구 독산동 378-430,02-809-0061,Y,100.0,,5.0,,,0.0,0.0,금천구 독산동 378-430
공유) 02-08구역(구),37.4733053,126.8941539,금천구 독산동 289-16 ,02-809-0061,Y,100.0,,5.0,,,0.0,0.0,금천구 독산동 289-16 
공유) 02-36구역(구),37.453304,126.89015,금천구 독산동 1127-0,02-809-0061,Y,100.0,,5.0,,,0.0,0.0,금천구 독산동 1127-0
공유) 03-24구역(구),37.464474,126.90428,금천구 독산동 378-194 ,02-809-0061,Y,100.0,,5.0,,,0.0,0.0,금천구 독산동 378-194 
고분다리전통시장 주차장(구),37.542974,127.132245,강동구 천호동 280-9,070-7547-3512,Y,150.0,150.0,5.0,5.0,85000.0,0.0,0.0,강동구 천호동 280-9
공유) 03-06구역(구),37.461407,126.900505,금천구 독산동 1082-62 ,02-809-0061,Y,100.0,,5.0,,,0.0,0.0,금천구 독산동 1082-62 
공유) 03-29구역(구),37.466442,126.90405,금천구 독산동 376-11 ,02-809-0061,Y,100.0,,5.0,,,0.0,0.0,금천구 독산동 376-11 
공유) 03-33구역(구),37.467045,126.90567,금천구 독산동 377-9,02-809-0061,Y,100.0,,5.0,,,0.0,0.0,금천구 독산동 377-9
공유) 03-35구역(구),37.46563,126.903346,금천구 독산동 1040-58,02-809-0061,Y,100.0,,5.0,,,0.0,0.0,금천구 독산동 1040-58
공유) 02-09구역(구),37.47134,126.893745,금천구 독산동 301-10 ,02-809-0061,Y,100.0,,5.0,,,0.0,0.0,금천구 독산동 301-10 
공유) 03-04구역(구),37.461037,126.89917,금천구 독산동 1082-62 ,02-809-0061,Y,100.0,,5.0,,,0.0,0.0,금천구 독산동 1082-62 
화곡5-3 공영주차장(구),37.54335,126.842329,강서구 화곡동 1060-18,02-2604-8688,Y,50.0,50.0,5.0,5.0,5000.0,0.0,0.0,강서구 화곡동 1060-18
공유) 02-35구역(구),37.454464,126.89113,금천구 독산동 1099-0,02-809-0061,Y,100.0,,5.0,,,0.0,0.0,금천구 독산동 1099-0
KBS본관뒤(구),37.52344,126.916114,영등포구 여의도동 1-9 ,,Y,500.0,500.0,5.0,5.0,,,,영등포구 여의도동 1-9 
양화진 공영주차장(구),37.545722,126.911222,마포구 합정동 139-21,02-300-5046,Y,200.0,200.0,5.0,5.0,0.0,0.0,0.0,마포구 합정동 139-21
양재2동주민센터 공영주차장(구),37.470711,127.041252,서초구 양재동 323-1,02-579-2224,Y,300.0,300.0,10.0,10.0,,0.0,0.0,서초구 양재동 323-1
여의도공원앞(구),37.5245009,126.9182749,영등포구 여의도동 2-0 ,,Y,500.0,500.0,5.0,5.0,20000.0,,,영등포구 여의도동 2-0 
공유) 03-16구역(구),37.462692,126.90289,금천구 독산동 1082-47 ,02-809-0061,Y,100.0,,5.0,,,0.0,0.0,금천구 독산동 1082-47 
공유) 03-08구역(구),37.46223,126.90111,금천구 독산동 1072-55,02-809-0061,Y,100.0,0.0,5.0,0.0,0.0,0.0,0.0,금천구 독산동 1072-55
한마음 공영주차장(구),37.530543,126.877927,양천구 목동 914-5,02-2644-1386,Y,150.0,,5.0,,,0.0,0.0,양천구 목동 914-5
용강노상공영주차장(구),37.540302,126.9427853,마포구 용강동 50-4 ,,Y,250.0,250.0,5.0,5.0,0.0,0.0,0.0,마포구 용강동 50-4 
화곡3-1 공영주차장(구),37.541779,126.834749,강서구 화곡동 1045-0,02-2603-1573,Y,50.0,50.0,5.0,5.0,2000.0,0.0,0.0,강서구 화곡동 1045-0
회기역 주변 노상공영주차장(구),37.589982,127.056515,동대문구 휘경동 320-7 ,,Y,500.0,500.0,10.0,10.0,0.0,0.0,0.0,동대문구 휘경동 320-7 
공유) 03-13구역(구),37.46386,126.900635,금천구 독산동 1049-7 ,02-809-0061,Y,100.0,,5.0,,,0.0,0.0,금천구 독산동 1049-7 
공덕1-1 공영주차장(구),37.547386,126.960882,마포구 공덕동 11-243,02-300-5046,Y,1000.0,500.0,60.0,30.0,0.0,0.0,0.0,마포구 공덕동 11-243
공유) 03-14구역(구),37.463571,126.900978,금천구 독산동 1062-3 ,02-809-0061,Y,100.0,,5.0,,,0.0,0.0,금천구 독산동 1062-3 
쌈지유료주차장(구),37.632025,127.023552,강북구 수유동 62-4,,Y,1000.0,500.0,20.0,10.0,,0.0,0.0,강북구 수유동 62-4
공유) 03-01구역(구),37.458916,126.900406,금천구 시흥동 1076-26 ,02-809-0061,Y,100.0,0.0,5.0,0.0,0.0,0.0,0.0,금천구 시흥동 1076-26 
공유) 03-02구역(구),37.459602,126.900444,금천구 독산동 1076-26 ,02-809-0061,Y,100.0,0.0,5.0,0.0,0.0,0.0,0.0,금천구 독산동 1076-26 
공유) 03-19구역(구),37.464615,126.90105,금천구 가산동 1037-34,02-809-0061,Y,100.0,,5.0,,,0.0,0.0,금천구 가산동 1037-34
청계주차장(구),37.572235,127.034472,동대문구 용두동 129-4,02-923-4147,Y,1500.0,500.0,30.0,10.0,,0.0,0.0,동대문구 용두동 129-4
공유) 03-03구역(구),37.46014,126.90169,금천구 독산동 1082-57,02-809-0061,Y,100.0,,5.0,,,0.0,0.0,금천구 독산동 1082-57
외대역주차빌딩 공영(구),37.595004,127.062613,동대문구 이문동 306-14,,Y,500.0,500.0,10.0,10.0,,0.0,0.0,동대문구 이문동 306-14
어울림 공영주차장(구),37.522184,126.869169,양천구 신정동 318-2,,Y,150.0,0.0,5.0,0.0,0.0,0.0,0.0,양천구 신정동 318-2
용마폭포공원공영주차장(구),37.57436,127.089338,중랑구 면목동 1-4,,Y,100.0,,5.0,,,0.0,0.0,중랑구 면목동 1-4
공영주차장(구),37.570052,127.028292,성동구 하왕십리동 301-6,,Y,500.0,650.0,5.0,5.0,,0.0,0.0,성동구 하왕십리동 301-6
공유) 03-31구역(구),37.465458,126.90646,금천구 독산동 378-194,02-809-0061,Y,100.0,,5.0,,,0.0,0.0,금천구 독산동 378-194
舊MBC뒤(구),37.5247318,126.9302301,영등포구 여의도동 3-0 ,,Y,500.0,500.0,5.0,5.0,20000.0,,,영등포구 여의도동 3-0 
공유) 03-17구역(구),37.46221,126.90367,금천구 독산동 1045-35,02-809-0061,Y,100.0,,5.0,,,0.0,0.0,금천구 독산동 1045-35
공유) 03-15구역(구),37.463997,126.90221,금천구 독산동 1082-44 ,02-809-0061,Y,100.0,,5.0,,,0.0,0.0,금천구 독산동 1082-44 
충현동 제1공영주차장(구),37.56518,126.964612,서대문구 충정로2가 78-13,02-360-8542~3,Y,150.0,150.0,5.0,5.0,0.0,0.0,0.0,서대문구 충정로2가 78-13
파미에(반포천) 주차장(시),37.504517,127.007933,서초구 반포동 118-3,02-6282-0550,Y,440.0,440.0,5.0,5.0,31600.0,0.0,0.0,서초구 반포동 118-3
공유) 01-53구역(구),37.47879,126.88875,금천구 가산동 60-7,02-809-0061,Y,100.0,0.0,5.0,0.0,0.0,0.0,0.0,금천구 가산동 60-7
월드컵시장노상공영주차장(구),37.5577402,126.9064342,마포구 망원동 494-0,,Y,250.0,250.0,5.0,5.0,,0.0,0.0,마포구 망원동 494-0
여의도호텔(舊세우빌딩)앞(구),37.5305612,126.9258323,영등포구 여의도동 1-2 ,,Y,500.0,500.0,5.0,5.0,,,,영등포구 여의도동 1-2 
초안산 창골주차장(구),37.6489697,127.0402937,도봉구 창동 677-0,029015100,Y,100.0,,5.0,,,0.0,0.0,도봉구 창동 677-0
중림종합복지센터 부설주차장(구_중림(제5))(시),37.559477,126.966161,중구 중림동 155-1,02-2280-8446,Y,250.0,250.0,5.0,5.0,0.0,0.0,0.0,중구 중림동 155-1
남산파출소공영주차장(시),37.555193,126.982882,중구 회현동1가 1-16,,Y,330.0,330.0,5.0,5.0,0.0,0.0,0.0,중구 회현동1가 1-16
용산구 이태원동 258-29(구),37.542683,126.993966,용산구 이태원동 258-29,,Y,150.0,150.0,5.0,5.0,,0.0,0.0,용산구 이태원동 258-29
20-21구역(구),37.533947,126.963251,용산구 보광동 265-134,,Y,250.0,0.0,5.0,0.0,21000.0,0.0,0.0,용산구 보광동 265-134
용산구 한강로2가 148-4(구),37.545441,126.969751,용산구 한강로2가 148-4,,Y,150.0,150.0,5.0,5.0,,0.0,0.0,용산구 한강로2가 148-4
용산구 한강로2가 2-28(구),37.528709,126.969918,용산구 한강로2가 2-28,,Y,250.0,,10.0,,,0.0,0.0,용산구 한강로2가 2-28
용산구 한강로2가 2-39(시),37.530919,126.96875,용산구 한강로2가 2-39,,Y,4000.0,4000.0,60.0,60.0,,0.0,0.0,용산구 한강로2가 2-39
용산주차빌딩(구),37.533878,126.960073,용산구 원효로3가 51-5,027073163,Y,3000.0,250.0,60.0,5.0,21000.0,0.0,0.0,용산구 원효로3가 51-5
용산구 한강로1가 236-5(구),37.534509,126.973748,용산구 한강로1가 236-5,,Y,250.0,,5.0,,,0.0,0.0,용산구 한강로1가 236-5
용산전자상가5(구),37.5338,126.963423,용산구 용산동3가 2-1,02-707-3164,Y,250.0,250.0,5.0,5.0,,0.0,0.0,용산구 용산동3가 2-1
용산전자상가2(구),37.532696,126.963073,용산구 한강로3가 14-1,02-707-3149,Y,250.0,250.0,5.0,5.0,,0.0,0.0,용산구 한강로3가 14-1
용산전자상가1(구),37.532052,126.964791,용산구 용산동3가 12-0,02-707-3105,Y,250.0,250.0,5.0,5.0,,0.0,0.0,용산구 용산동3가 12-0
21-37(구),37.43888366,126.51031494,송파구 잠실동 348-0,,N,,,,,,,,송파구 잠실동 348-0
하나로빌딩 옆(구),37.572461,126.985445,종로구 인사동 277-0,02-2236-0052,Y,500.0,,5.0,,,0.0,0.0,종로구 인사동 277-0
공유) 03-34구역(구),37.467164,126.9062501,금천구 독산동 376-11,02-809-0061,Y,100.0,,5.0,,,0.0,0.0,금천구 독산동 376-11
공유) 02-10구역(구),37.471947,126.88794,금천구 독산동 336-27 ,02-809-0061,Y,100.0,,5.0,,,0.0,0.0,금천구 독산동 336-27 
공유) 03-10구역(구),37.462646,126.8996,금천구 독산동 1058-7,02-809-0061,Y,100.0,,5.0,,,0.0,0.0,금천구 독산동 1058-7
공유) 03-22구역(구),37.465446,126.898415,금천구 독산동 1031-13,02-809-0061,Y,100.0,,5.0,,,0.0,0.0,금천구 독산동 1031-13
공유) 03-32구역(구),37.464367,126.90622,금천구 독산동 378-422 ,02-809-0061,Y,100.0,,5.0,,,0.0,0.0,금천구 독산동 378-422 
공유) 04-00구역(구),37.473506,126.904747,금천구 독산동 992-27,02-809-0061,Y,100.0,,5.0,,,0.0,0.0,금천구 독산동 992-27
공유) 04-04구역(구),37.47755,126.909805,금천구 독산동 906-51,02-809-0061,Y,100.0,,5.0,,,0.0,0.0,금천구 독산동 906-51
공유) 04-08구역(구),37.478214,126.90511,금천구 독산동 884-2,02-809-0061,Y,100.0,,5.0,,,0.0,0.0,금천구 독산동 884-2
공유) 04-11구역(구),37.477253,126.905014,금천구 독산동 885-5,02-809-0061,Y,100.0,,5.0,,,0.0,0.0,금천구 독산동 885-5
공유) 04-12구역(구),37.47713,126.90653,금천구 독산동 883-17 ,02-809-0061,Y,100.0,,5.0,,,0.0,0.0,금천구 독산동 883-17 
공유) 04-17구역(구),37.475758,126.90551,금천구 독산동 887-21 ,02-809-0061,Y,100.0,,5.0,,,0.0,0.0,금천구 독산동 887-21 
삼성유료주차장(시),37.5240922,127.0308918,강남구 신사동 625-13,,Y,3000.0,1000.0,30.0,10.0,30000.0,0.0,0.0,강남구 신사동 625-13
강남한티주차장(구),37.4962887,127.0520469,강남구 역삼동 765-16,02-570-1444,Y,3000.0,1000.0,30.0,10.0,30000.0,0.0,0.0,강남구 역삼동 765-16
역삼문화공원제1호공영주차장(구),37.5002834,127.0299377,강남구 역삼동 635-1,02-1544-3113,Y,300.0,300.0,5.0,5.0,,0.0,0.0,강남구 역삼동 635-1
서울암사동유적 주차장(시),37.5591723,127.1303425,강동구 암사동 139-2,,Y,1000.0,1000.0,540.0,540.0,,0.0,0.0,강동구 암사동 139-2
하늘 공영주차장(구),37.515251709239,126.8615113198757,양천구 신정동 323-33,02-2644-1386,Y,150.0,,5.0,,,0.0,0.0,양천구 신정동 323-33
가오천 노상공영(구),37.64394006,127.02532497,강북구 수유동 181-40,,Y,200.0,200.0,5.0,5.0,10000.0,0.0,0.0,강북구 수유동 181-40
아카데미 노상공영(구),37.64396829,127.00388945,강북구 수유동 535-76,,Y,200.0,200.0,5.0,5.0,10000.0,0.0,0.0,강북구 수유동 535-76
화곡4-1 공영주차장(구),37.53431225,126.86105755,강서구 화곡동 809-26,02-2645-1574,Y,50.0,50.0,5.0,5.0,2000.0,0.0,0.0,강서구 화곡동 809-26
곰달래 문화복지센터 공영주차장(구),37.52904612,126.84886082,강서구 화곡동 890-0,02-2690-2818,Y,100.0,100.0,5.0,5.0,5000.0,0.0,0.0,강서구 화곡동 890-0
목동노외 공영주차장(시),37.53344049,126.87660968,양천구 목동 905-32,02-2664-1386,Y,150.0,150.0,5.0,5.0,9000.0,0.0,0.0,양천구 목동 905-32
가오리 공영주차장(구),37.64160736,127.01498164,강북구 수유동 349-3,02-944-3046,Y,150.0,150.0,5.0,5.0,10000.0,0.0,0.0,강북구 수유동 349-3
